User_ID,Date,Age,Gender,Daily_Steps,Calories_Burned,Active_Minutes,Distance_KM,Sleep_Hours,Heart_Rate_Avg,Workout_Type,Workout_Duration_Min,Water_Intake_L,Stress_Level,Fitness_Goal
FT0086,01-01-2026,48,Male,9011,2451,81,6,6.2,75,Gym,67,2.6,58,Weight Loss
FT0130,01-01-2026,45,Female,5410,1899,24,5.2,6.9,55,Gym,18,2.2,42,Muscle Gain
FT0188,01-01-2026,34,Female,11112,2480,79,8.6,6.8,71,Gym,69,1.8,42,General Fitness
FT0224,01-01-2026,26,Male,8605,2144,51,7.7,7.8,89,Running,48,1.7,35,Weight Loss
FT0389,01-01-2026,56,Male,9289,2156,46,7.1,7.4,87,Cycling,32,2.3,42,Flexibility
FT0638,01-01-2026,30,Female,4654,1989,75,3.8,9,87,Cycling,63,3.7,44,Flexibility
FT0642,01-01-2026,57,Female,6078,1657,23,5.2,6.4,75,Walking,22,2.9,46,Weight Loss
FT0734,01-01-2026,51,Female,7549,1878,35,6,7.5,62,Cycling,35,2.6,58,General Fitness
FT0756,01-01-2026,36,Male,10401,2190,53,7.7,8.3,75,Gym,51,2.8,49,Endurance
FT0835,01-01-2026,54,Male,6474,1780,39,5.7,4.4,72,Cycling,30,3.7,55,Flexibility
FT1115,01-01-2026,26,Male,7841,1828,26,7.2,6.9,87,Walking,37,2.7,31,Muscle Gain
FT1492,01-01-2026,39,Male,7293,2060,30,7.1,8.6,86,Walking,35,3.1,30,Weight Loss
FT2111,01-01-2026,30,Female,1800,1841,71,1.3,7.8,80,Walking,71,2.5,53,Endurance
FT2129,01-01-2026,20,Male,2838,1920,70,3.8,6.9,63,Yoga,68,2.6,47,Weight Loss
FT0060,02-01-2026,47,Male,5818,2023,61,3.7,7,76,Cycling,55,1.7,40,General Fitness
FT0075,02-01-2026,47,Female,8029,2243,108,6.2,8.4,84,Cycling,90,1.6,49,Muscle Gain
FT0356,02-01-2026,60,Female,10309,2044,10,7.7,7.1,66,Walking,10,2.1,29,General Fitness
FT0387,02-01-2026,20,Male,1842,1766,64,1.4,7.5,74,Running,56,1.8,62,Muscle Gain
FT0573,02-01-2026,30,Male,4071,1877,52,4.4,7.8,69,Walking,46,2.6,50,General Fitness
FT0606,02-01-2026,41,Male,6937,2139,75,6.3,7.1,82,Cycling,59,3.3,32,General Fitness
FT0943,02-01-2026,57,Male,13092,2436,45,10.6,6.9,81,Running,22,1.8,58,Weight Loss
FT1192,02-01-2026,29,Male,10349,2289,96,7.8,6.1,74,Gym,94,1,41,General Fitness
FT1275,02-01-2026,50,Female,7902,1716,10,6,6.3,64,Gym,17,1.5,50,Flexibility
FT1452,02-01-2026,19,Female,8673,2174,78,6.4,7.2,72,Cycling,86,3,28,Endurance
FT1782,02-01-2026,32,Female,11883,2001,28,9.6,6.1,69,Cycling,42,1.6,47,Flexibility
FT1850,02-01-2026,25,Male,9111,2150,57,6.6,6.8,64,Walking,43,2.3,56,General Fitness
FT2047,02-01-2026,37,Male,5046,1950,74,3.6,7.9,64,Gym,72,1.8,60,General Fitness
FT2198,02-01-2026,55,Female,3541,2247,105,4.1,7.9,83,Running,83,1.9,49,Weight Loss
FT0216,03-01-2026,29,Male,7306,2123,75,6.4,6.1,77,Gym,59,2.6,53,Endurance
FT0308,03-01-2026,41,Female,6784,1887,33,5.4,6.8,69,Walking,36,4.4,46,General Fitness
FT0418,03-01-2026,23,Male,10066,2327,75,7.1,8.4,70,Gym,69,1.5,55,Muscle Gain
FT0680,03-01-2026,58,Female,5586,1839,55,3.3,7.9,69,Cycling,52,2.5,53,Weight Loss
FT0764,03-01-2026,58,Male,5877,2064,79,5.3,5.6,78,Cycling,86,3,36,Weight Loss
FT1278,03-01-2026,51,Male,9621,2234,76,6,6.9,69,Walking,73,3.5,44,Weight Loss
FT1465,03-01-2026,54,Male,7908,2439,105,5.4,5,86,Running,87,2.5,55,Endurance
FT1795,03-01-2026,38,Male,7751,2037,66,6.5,9.3,70,Yoga,67,3.1,32,Endurance
FT2021,03-01-2026,31,Female,8702,1904,46,6.6,5.3,65,Walking,47,2.6,69,General Fitness
FT2045,03-01-2026,29,Male,7420,2096,64,4.9,7.6,78,Running,65,2.8,24,Muscle Gain
FT0163,04-01-2026,35,Female,5475,1970,33,3.9,5.3,76,Walking,28,2.3,40,Weight Loss
FT0186,04-01-2026,37,Male,6484,1915,53,5.6,9.1,75,Gym,55,3.8,25,General Fitness
FT0333,04-01-2026,31,Female,8576,2222,83,6.5,8.2,68,Cycling,78,2.2,38,Muscle Gain
FT0507,04-01-2026,40,Male,10532,2551,137,6.8,4.7,88,Cycling,113,2.4,10,General Fitness
FT1107,04-01-2026,28,Male,6880,2023,43,6.5,6.9,70,Yoga,44,2.4,49,General Fitness
FT1176,04-01-2026,32,Female,2148,1842,62,1.4,7,68,Cycling,62,2.9,34,Flexibility
FT1318,04-01-2026,43,Male,7579,2290,49,6.4,8.4,76,Cycling,59,2.9,39,General Fitness
FT1383,04-01-2026,32,Female,8727,2179,22,7.3,7.3,71,Gym,33,2.6,35,Muscle Gain
FT1427,04-01-2026,46,Male,10892,2357,56,7.2,6.8,72,Gym,68,1.5,64,Muscle Gain
FT1533,04-01-2026,58,Male,9295,2429,70,7.8,7.1,71,Gym,74,2.8,38,General Fitness
FT1858,04-01-2026,43,Female,7389,2444,77,5.6,7.1,77,Cycling,46,2.8,63,Flexibility
FT1957,04-01-2026,40,Male,10508,2153,44,7.1,7.1,74,Cycling,36,2.1,63,Weight Loss
FT1965,04-01-2026,53,Female,6852,2337,84,5.7,6.3,88,Running,73,2.1,46,Endurance
FT2183,04-01-2026,44,Female,9342,2430,73,5.8,6.3,78,Running,94,2.5,39,Weight Loss
FT0059,05-01-2026,49,Female,8762,1990,40,6,7.9,64,Cycling,26,2.4,36,Muscle Gain
FT0090,05-01-2026,53,Male,5667,1996,44,3.6,7.9,62,Walking,36,2.5,51,Endurance
FT0128,05-01-2026,50,Female,6665,1872,52,3.9,7.1,85,Gym,56,1.9,40,Muscle Gain
FT0342,05-01-2026,30,Female,4732,2023,32,4.1,8.8,63,Walking,26,1.5,57,Muscle Gain
FT0367,05-01-2026,38,Female,10283,1959,58,7.5,8.8,76,Walking,63,2.2,62,Weight Loss
FT0658,05-01-2026,45,Male,8128,2093,66,5.8,6.1,75,Yoga,49,2.2,20,General Fitness
FT0940,05-01-2026,39,Male,8264,2164,53,6.4,7.5,77,Cycling,57,1.5,67,Muscle Gain
FT0952,05-01-2026,31,Female,8488,2392,108,6.6,6.4,77,Walking,79,2.1,59,General Fitness
FT1170,05-01-2026,57,Male,9327,1961,39,6.9,6,73,Walking,17,2.5,25,Flexibility
FT1464,05-01-2026,20,Female,8830,1845,39,6.4,7.4,65,Cycling,34,1.8,59,General Fitness
FT1516,05-01-2026,58,Female,7824,2104,18,5.7,5.4,76,Walking,14,2.4,58,Weight Loss
FT1662,05-01-2026,44,Male,6935,2194,69,6.1,8.6,74,Walking,57,1.7,60,General Fitness
FT0073,06-01-2026,37,Female,6214,2094,99,5.3,6.2,84,Gym,91,3.7,59,Weight Loss
FT0240,06-01-2026,44,Female,7566,2015,42,5.3,4.5,72,Running,40,2.4,21,Weight Loss
FT0403,06-01-2026,31,Female,8767,2271,79,6.7,5.7,77,Cycling,60,2.7,49,Weight Loss
FT0591,06-01-2026,52,Male,7759,2250,71,6,7.1,71,Walking,62,1.8,39,General Fitness
FT0617,06-01-2026,28,Female,7059,2104,77,5.3,7.5,73,Cycling,67,2.8,38,Weight Loss
FT0618,06-01-2026,29,Male,3640,2038,80,1.3,9.8,85,Cycling,75,2,42,Endurance
FT0686,06-01-2026,52,Male,7409,2049,59,6.2,7.4,74,Walking,52,0.8,56,General Fitness
FT0776,06-01-2026,58,Male,4673,2024,44,2.9,8.3,82,Running,43,2.6,36,General Fitness
FT0925,06-01-2026,28,Female,8135,2308,116,5.9,7.1,86,Walking,88,2.1,57,Weight Loss
FT1037,06-01-2026,56,Female,6538,2076,37,5.2,6.8,62,Walking,29,2,36,General Fitness
FT1128,06-01-2026,45,Female,10527,1957,26,7.6,7.2,79,Walking,20,4,48,General Fitness
FT1437,06-01-2026,36,Male,6881,2080,34,5.3,5.9,59,Gym,32,1.7,39,Muscle Gain
FT1574,06-01-2026,52,Female,12207,2104,37,8.9,6.6,64,Cycling,55,2.8,44,Muscle Gain
FT0051,07-01-2026,50,Female,7816,2080,73,5.3,7.3,70,Walking,55,2.8,34,Weight Loss
FT0137,07-01-2026,43,Female,9894,2209,32,8.7,5.9,69,Running,42,2.4,43,General Fitness
FT0199,07-01-2026,32,Male,8278,1986,55,6.1,9.4,78,Running,49,1.7,51,Weight Loss
FT0336,07-01-2026,52,Male,8250,1976,33,5.6,6.7,65,Walking,25,1.6,49,General Fitness
FT0384,07-01-2026,28,Female,7220,2321,79,6.3,6.8,68,Running,57,0.8,53,General Fitness
FT0553,07-01-2026,53,Female,6990,1794,34,5.3,7.1,82,Running,30,2,64,General Fitness
FT0750,07-01-2026,24,Male,9683,1933,48,8,7.4,71,Gym,29,2,70,General Fitness
FT0909,07-01-2026,33,Female,14401,2633,58,9.7,7.4,88,Running,62,0.9,56,General Fitness
FT0956,07-01-2026,44,Female,10032,2436,69,8.8,6.9,65,Walking,44,2,73,Muscle Gain
FT1003,07-01-2026,42,Male,7701,1990,56,5.1,7.1,62,Yoga,48,0.8,44,General Fitness
FT1553,07-01-2026,40,Male,5643,2062,81,3.6,6.7,67,Gym,74,1.1,46,General Fitness
FT1832,07-01-2026,58,Female,6799,2097,37,4.7,6.1,69,Walking,21,1,55,Weight Loss
FT1982,07-01-2026,44,Female,9421,2353,38,6.6,6.8,84,Running,52,2.4,52,Muscle Gain
FT2051,07-01-2026,25,Female,7821,2144,67,6.2,6.6,63,Yoga,49,1.1,52,Muscle Gain
FT0293,08-01-2026,59,Female,7499,2268,73,5.1,5.1,72,Gym,65,1.7,44,Weight Loss
FT0722,08-01-2026,58,Female,8875,2387,79,8.4,6.1,77,Walking,60,2.2,43,Muscle Gain
FT0923,08-01-2026,37,Female,5069,2237,70,4.2,7.7,69,Running,55,2.4,46,Endurance
FT1163,08-01-2026,54,Female,11963,2451,25,8.9,7.7,76,Running,43,2.5,46,Endurance
FT1187,08-01-2026,24,Male,7352,1849,40,5.6,6,73,Gym,52,2,59,Weight Loss
FT1229,08-01-2026,24,Male,7258,2044,55,5.9,8,78,Walking,64,1.9,44,General Fitness
FT1305,08-01-2026,44,Male,6865,1616,19,5.5,7.2,68,Gym,39,2,54,Muscle Gain
FT1322,08-01-2026,29,Female,6354,2029,53,4.8,7.2,75,Yoga,52,2.5,48,General Fitness
FT1486,08-01-2026,55,Female,12403,2436,81,8.5,4.9,74,Gym,64,1.6,44,Muscle Gain
FT1517,08-01-2026,38,Female,9988,2057,21,9.1,5.9,62,Walking,17,1.1,39,Muscle Gain
FT1840,08-01-2026,41,Female,8073,2211,66,4.7,7,64,Gym,54,2.7,63,General Fitness
FT2137,08-01-2026,41,Male,6077,2203,61,5,8.2,77,Gym,59,3.3,55,General Fitness
FT0204,09-01-2026,48,Female,8951,2178,109,7.5,7.7,80,Cycling,114,2.9,48,Weight Loss
FT0702,09-01-2026,44,Male,9167,2427,80,8.1,8.1,81,Running,83,1.8,33,Endurance
FT0714,09-01-2026,50,Female,9532,1914,31,8.3,6.1,67,Walking,28,2.8,57,Endurance
FT0725,09-01-2026,51,Male,5930,1945,78,4.1,7,81,Gym,61,3,52,Endurance
FT1631,09-01-2026,42,Female,7264,2310,119,4.6,9.3,67,Gym,102,3.1,39,Endurance
FT1738,09-01-2026,22,Female,5838,2187,42,4.9,7,75,Walking,49,2.6,32,General Fitness
FT1978,09-01-2026,32,Male,10579,2079,78,8.6,8,62,Gym,78,1.9,72,Weight Loss
FT1988,09-01-2026,27,Female,6916,2354,64,6.1,7.9,81,Cycling,65,1.9,54,Flexibility
FT2156,09-01-2026,39,Male,9349,1941,40,6.9,5.3,62,Cycling,38,2.8,58,Muscle Gain
FT2186,09-01-2026,30,Male,6396,1956,76,5.8,7,61,Yoga,80,2.9,47,General Fitness
FT0675,10-01-2026,44,Male,6779,1846,21,3.6,7.5,63,Walking,25,2.2,52,Weight Loss
FT0827,10-01-2026,47,Female,8387,2288,93,6.1,7.1,79,Cycling,78,2,63,Flexibility
FT1129,10-01-2026,41,Female,10943,2118,10,8.6,6.7,70,Walking,24,2.5,37,Muscle Gain
FT1221,10-01-2026,45,Female,10451,2173,55,7,7.6,70,Walking,55,2.4,25,General Fitness
FT1274,10-01-2026,47,Female,7349,2359,42,5.3,8.1,72,Running,57,3,68,Endurance
FT1295,10-01-2026,58,Male,9605,2414,89,8.4,6.7,83,Walking,66,1.9,46,Muscle Gain
FT1358,10-01-2026,23,Female,9828,2139,78,6.9,7.7,77,Walking,66,3.1,55,Endurance
FT1496,10-01-2026,36,Male,4871,1667,16,3.3,7.1,62,Walking,15,2.1,68,General Fitness
FT1538,10-01-2026,22,Female,9224,1964,43,6.9,6.8,70,Walking,59,3.4,52,General Fitness
FT1741,10-01-2026,36,Male,8291,2140,60,7.2,5.3,62,Walking,43,2.4,26,Muscle Gain
FT1853,10-01-2026,37,Female,9240,2119,91,7.1,5.6,90,Running,100,1.7,39,Weight Loss
FT2025,10-01-2026,21,Female,9806,2203,37,6.2,7.7,74,Walking,39,2.4,54,General Fitness
FT0029,11-01-2026,41,Male,9636,1966,33,7.6,5.9,75,Cycling,33,2.8,68,Muscle Gain
FT0046,11-01-2026,59,Female,7557,2302,75,5.6,7.7,66,Cycling,58,2.1,32,Weight Loss
FT0172,11-01-2026,21,Female,8863,1990,10,7.7,5.4,72,Running,11,2,49,Endurance
FT0215,11-01-2026,49,Female,9045,1920,47,7.2,5.7,85,Yoga,52,3.9,41,Endurance
FT0401,11-01-2026,60,Male,10032,2176,76,7.6,6.3,77,Gym,79,3.2,40,Endurance
FT0602,11-01-2026,51,Male,10440,2520,75,8.2,8.6,72,Gym,76,1.4,48,Weight Loss
FT0731,11-01-2026,49,Female,11759,2356,65,9.2,7.1,74,Cycling,69,2,38,General Fitness
FT1085,11-01-2026,26,Male,8257,2096,50,7,8.2,77,Gym,35,2.6,29,Endurance
FT1505,11-01-2026,43,Female,6679,1816,68,5.3,6.8,80,Gym,56,2.8,78,Endurance
FT1597,11-01-2026,46,Male,10183,2478,91,8.1,8.6,67,Walking,66,1.5,20,Muscle Gain
FT1709,11-01-2026,28,Female,9882,1939,29,7.5,9.1,74,Gym,39,2.8,22,Muscle Gain
FT1757,11-01-2026,32,Male,6970,2063,71,6.6,9.5,75,Cycling,66,2.1,37,Weight Loss
FT0366,12-01-2026,40,Male,5258,2369,78,4.4,9.3,86,Running,72,1.8,40,Weight Loss
FT0429,12-01-2026,19,Female,4772,2215,81,3.4,4.5,78,Gym,91,2.3,47,General Fitness
FT0510,12-01-2026,28,Female,7593,2253,93,6.2,8.5,81,Gym,90,3.2,45,Weight Loss
FT0570,12-01-2026,42,Male,10393,2352,68,7.8,6.5,74,Running,70,1.6,69,Muscle Gain
FT0657,12-01-2026,50,Female,2775,2002,43,2.5,8.3,72,Yoga,42,2.6,53,General Fitness
FT0856,12-01-2026,54,Male,6508,2142,90,4.5,7.7,90,Walking,82,3.2,43,Flexibility
FT1146,12-01-2026,38,Female,9870,2454,105,7.9,7.2,79,Running,88,3.2,34,Weight Loss
FT1380,12-01-2026,41,Male,6023,1965,38,5.3,9.3,76,Gym,39,1.5,37,General Fitness
FT1462,12-01-2026,31,Male,8939,2158,89,6.4,7.5,73,Cycling,78,2.7,39,Weight Loss
FT1690,12-01-2026,22,Female,9214,2251,55,7.4,6.9,74,Walking,76,2.7,37,General Fitness
FT1727,12-01-2026,58,Female,9797,2510,79,8.2,5.1,80,Running,71,3.7,41,General Fitness
FT1866,12-01-2026,35,Male,11559,2390,85,7.9,7.8,63,Gym,86,2.3,69,Weight Loss
FT2061,12-01-2026,56,Male,9681,2217,66,7.3,6.9,71,Cycling,63,2.6,52,Muscle Gain
FT0171,13-01-2026,22,Male,6472,2189,62,5.3,7.4,89,Running,69,3.3,61,Muscle Gain
FT0192,13-01-2026,45,Male,6276,2373,96,4.7,7.5,77,Walking,76,2.8,31,Flexibility
FT0255,13-01-2026,46,Male,1800,1833,54,1.8,7.5,71,Running,56,1.9,47,General Fitness
FT0486,13-01-2026,28,Male,9787,2083,83,8.2,6.9,80,Yoga,70,1.8,64,Muscle Gain
FT0514,13-01-2026,53,Female,8673,2212,76,6.9,7.6,79,Walking,69,2.3,51,General Fitness
FT0521,13-01-2026,33,Female,10192,2398,102,7,6.4,78,Gym,68,3,42,Weight Loss
FT0532,13-01-2026,25,Male,11708,2204,79,8.5,7,69,Cycling,62,2.2,42,General Fitness
FT0634,13-01-2026,34,Female,5793,2002,43,3.6,6.2,72,Walking,26,2.5,49,Muscle Gain
FT0917,13-01-2026,41,Female,6299,1665,26,5.9,6.5,81,Cycling,27,2.3,38,Endurance
FT1131,13-01-2026,35,Female,10592,2561,95,8.2,6.3,80,Running,84,2.5,37,Flexibility
FT1150,13-01-2026,54,Female,10151,2291,71,7.7,7.8,88,Walking,56,2.9,46,General Fitness
FT1204,13-01-2026,50,Female,10230,2635,86,8.8,7.7,91,Running,72,3,34,Endurance
FT1222,13-01-2026,41,Female,7718,2294,59,6,5.7,76,Running,63,1.4,47,Weight Loss
FT1424,13-01-2026,47,Male,7368,1844,28,5,6,70,Cycling,30,2.3,39,Endurance
FT1924,13-01-2026,36,Male,7428,2434,60,5.3,6.3,71,Walking,43,2.4,41,Weight Loss
FT0082,14-01-2026,36,Female,6177,2086,88,4.3,7.2,79,Gym,79,2,55,Muscle Gain
FT0604,14-01-2026,23,Male,7271,2070,64,5.3,9.2,77,Cycling,49,1.9,52,General Fitness
FT0790,14-01-2026,18,Female,8052,2117,81,5.6,8.7,83,Walking,65,1.1,50,General Fitness
FT1168,14-01-2026,35,Female,4827,2085,91,4.6,8.7,70,Cycling,72,1.2,35,Endurance
FT1284,14-01-2026,52,Female,6554,1854,31,4.5,5.4,73,Yoga,17,1.6,53,Weight Loss
FT1328,14-01-2026,21,Male,7351,2537,145,4.8,5.8,93,Running,102,3.1,49,Flexibility
FT1887,14-01-2026,45,Female,5713,2207,87,4.6,6.6,78,Walking,81,1.8,30,Weight Loss
FT1899,14-01-2026,50,Male,9112,1957,59,7.2,7.2,72,Gym,45,2.4,43,General Fitness
FT1934,14-01-2026,58,Female,9680,2308,74,7.6,9,77,Running,54,1.5,66,Weight Loss
FT1983,14-01-2026,20,Male,5228,1905,36,4.1,7.3,77,Yoga,52,3.3,67,General Fitness
FT2158,14-01-2026,45,Female,7434,1888,41,5.8,7.1,63,Cycling,46,2.2,36,Muscle Gain
FT2167,14-01-2026,31,Female,7289,2191,104,5.6,8.2,88,Gym,85,1.9,35,Endurance
FT0001,15-01-2026,21,Female,6090,1975,51,4.9,7.2,69,Yoga,49,2.4,48,General Fitness
FT0181,15-01-2026,58,Female,7671,2130,42,6.5,8.2,79,Running,60,1.8,42,Muscle Gain
FT0297,15-01-2026,54,Male,8798,1932,59,6.6,8.7,69,Gym,65,1.6,60,Weight Loss
FT0310,15-01-2026,22,Male,7103,2002,74,5.4,5,75,Walking,49,2.2,57,Endurance
FT0550,15-01-2026,47,Male,14692,2430,52,10.6,8,73,Running,49,2.1,56,Weight Loss
FT0672,15-01-2026,44,Male,9531,2103,49,7.3,7.2,76,Walking,51,2.3,51,General Fitness
FT1309,15-01-2026,35,Female,4711,1818,55,3.2,5.8,76,Walking,47,2.7,55,Weight Loss
FT1461,15-01-2026,51,Male,5710,2327,115,4.2,5.8,75,Cycling,87,1.5,22,Weight Loss
FT1658,15-01-2026,55,Male,7521,2207,53,6.1,8.1,81,Walking,57,2.7,48,Muscle Gain
FT1716,15-01-2026,55,Male,10759,2524,109,9.3,7.1,91,Running,75,2,50,General Fitness
FT1818,15-01-2026,28,Male,6589,1930,75,4.8,5.9,71,Gym,60,2.9,50,Muscle Gain
FT1859,15-01-2026,40,Female,11231,2173,54,8.9,6.5,83,Running,41,2.3,44,Flexibility
FT1991,15-01-2026,40,Male,11595,2421,56,9.4,9.2,78,Running,60,3,62,General Fitness
FT2117,15-01-2026,59,Female,7552,2226,74,6.6,7.5,64,Walking,72,1.9,39,Endurance
FT0009,16-01-2026,26,Male,6699,2161,77,4.7,8.8,71,Cycling,82,2.4,64,General Fitness
FT0229,16-01-2026,41,Female,10519,2377,82,7.7,7.1,71,Gym,85,2,53,Muscle Gain
FT0233,16-01-2026,18,Male,6352,2082,82,4.1,7.6,75,Running,77,2.2,57,Muscle Gain
FT0323,16-01-2026,44,Female,13622,2392,42,10.8,7.8,83,Running,45,1.7,45,Weight Loss
FT0715,16-01-2026,57,Male,9594,2077,60,7.1,8.9,60,Cycling,78,1.8,23,Muscle Gain
FT1159,16-01-2026,34,Female,7258,2176,65,5.1,5.4,77,Walking,48,2.6,49,Weight Loss
FT1298,16-01-2026,47,Female,7538,2288,101,6.6,7.9,68,Walking,77,2.2,39,Muscle Gain
FT1512,16-01-2026,27,Male,7228,2337,67,6.9,6,71,Gym,58,2.2,44,Weight Loss
FT1638,16-01-2026,44,Male,4645,2091,56,3.9,7.4,68,Gym,65,2.2,48,General Fitness
FT1671,16-01-2026,50,Female,12338,2270,61,9,7.9,76,Cycling,79,2.4,68,Weight Loss
FT1759,16-01-2026,42,Male,8411,2053,51,8.4,6.6,65,Cycling,47,2,56,Weight Loss
FT1765,16-01-2026,42,Female,6228,1764,21,4.1,8.7,61,Yoga,22,1.9,47,Weight Loss
FT1870,16-01-2026,51,Female,9882,2330,34,8.4,5.3,80,Running,37,2.8,23,General Fitness
FT1875,16-01-2026,35,Female,8797,2139,40,7.8,7.9,64,Walking,37,2.1,26,Muscle Gain
FT2034,16-01-2026,47,Female,3929,2171,78,1.9,7.6,67,Walking,70,2.4,23,Muscle Gain
FT2099,16-01-2026,50,Female,8490,2085,37,5.6,5.9,67,Gym,32,2.3,54,General Fitness
FT0127,17-01-2026,21,Female,6286,2041,87,5,7.9,62,Walking,61,2.1,71,Muscle Gain
FT0398,17-01-2026,26,Male,10428,2062,56,7.9,7.9,72,Walking,50,2.1,44,General Fitness
FT0861,17-01-2026,59,Male,11897,2328,87,9.2,6.2,72,Cycling,60,3.1,57,Flexibility
FT1288,17-01-2026,28,Female,11530,2312,66,8.5,8,73,Yoga,71,2.5,61,Endurance
FT1664,17-01-2026,41,Female,9069,2189,71,7.3,6.3,64,Walking,64,2.7,49,General Fitness
FT1930,17-01-2026,58,Female,6734,1637,32,5.4,6.5,59,Walking,24,4.1,61,Weight Loss
FT1984,17-01-2026,50,Male,9310,2077,45,8.3,6.1,78,Running,46,2.2,30,Muscle Gain
FT0016,18-01-2026,51,Female,5946,1881,36,5.1,8.7,63,Walking,24,1.8,72,General Fitness
FT0182,18-01-2026,24,Female,7337,2081,66,4.4,7,69,Gym,72,2.6,45,Muscle Gain
FT0210,18-01-2026,51,Male,11054,2131,46,9,6.2,78,Walking,44,2.1,30,Weight Loss
FT0529,18-01-2026,57,Female,6711,1841,31,5.5,5.5,73,Yoga,37,3.6,58,Flexibility
FT0633,18-01-2026,36,Male,9245,2004,81,6.5,8.3,66,Cycling,56,3,40,Weight Loss
FT0701,18-01-2026,40,Male,8309,2067,89,6.2,8.6,76,Gym,78,2.9,75,Muscle Gain
FT0779,18-01-2026,29,Male,6217,2013,48,5.4,7.3,72,Walking,41,2.9,50,Muscle Gain
FT1177,18-01-2026,31,Male,6090,1934,14,3.1,7,76,Cycling,19,2.4,48,General Fitness
FT1679,18-01-2026,57,Female,11398,2180,65,8.3,7.8,81,Gym,55,2.9,58,General Fitness
FT2038,18-01-2026,19,Female,9801,2237,44,7.8,4.8,64,Cycling,36,3.3,54,Weight Loss
FT0044,19-01-2026,33,Male,9186,2266,83,6.8,7.1,74,Walking,75,3.2,57,General Fitness
FT0831,19-01-2026,28,Male,7294,2202,78,5.4,7.8,84,Gym,79,2.2,52,Weight Loss
FT1426,19-01-2026,53,Female,5712,2574,115,5.2,6.9,84,Running,89,2.9,35,Endurance
FT1469,19-01-2026,51,Male,6240,1794,62,3.8,7.5,82,Walking,73,2.3,47,Flexibility
FT1796,19-01-2026,26,Female,5229,1953,54,4.2,6.6,70,Cycling,49,1.1,42,Weight Loss
FT2023,19-01-2026,46,Female,7731,2226,73,7.3,6.2,74,Gym,64,2.5,44,Weight Loss
FT2170,19-01-2026,60,Female,7055,1910,10,5.9,7.2,69,Walking,24,1.7,48,Weight Loss
FT0008,20-01-2026,47,Female,10473,1939,70,7.7,8.1,75,Walking,70,3.6,61,Muscle Gain
FT0017,20-01-2026,40,Female,7138,2326,101,5.1,5.9,78,Gym,106,2.2,36,Weight Loss
FT0213,20-01-2026,51,Male,7732,2567,98,4.5,8.8,65,Yoga,83,2.2,66,General Fitness
FT0533,20-01-2026,24,Male,8497,1849,22,6.4,7.6,79,Running,25,0.9,45,Muscle Gain
FT0534,20-01-2026,30,Male,9110,2354,84,6.9,7.6,81,Running,74,2.4,29,Muscle Gain
FT0687,20-01-2026,35,Female,10213,2133,60,8,8.8,76,Walking,53,2.7,41,General Fitness
FT0744,20-01-2026,29,Male,4641,2016,81,4.1,7.5,78,Yoga,50,1.1,19,General Fitness
FT0896,20-01-2026,44,Male,7934,1872,52,6.5,7.4,67,Cycling,63,3,60,Weight Loss
FT0946,20-01-2026,23,Female,5968,2010,51,4.4,6.8,69,Walking,50,1.8,36,Flexibility
FT1377,20-01-2026,59,Female,7125,2173,90,5.3,7.6,73,Walking,71,3.1,20,General Fitness
FT1402,20-01-2026,28,Male,6548,2103,48,4.7,6.7,86,Running,38,1.3,42,Muscle Gain
FT1542,20-01-2026,28,Male,5578,2383,97,5.4,9.2,82,Running,79,1.2,57,Endurance
FT1809,20-01-2026,21,Male,8810,2301,98,8.6,8.2,89,Cycling,74,2.7,49,Weight Loss
FT1838,20-01-2026,31,Female,7270,1961,39,5.3,8.1,65,Walking,27,2.3,55,Flexibility
FT1877,20-01-2026,28,Male,6847,2157,59,5,6.2,75,Walking,30,1.3,64,Endurance
FT1967,20-01-2026,33,Female,6831,2492,91,6.1,6.6,87,Running,68,2.6,62,General Fitness
FT0034,21-01-2026,41,Male,4571,2147,40,4.9,5.8,62,Walking,45,2.2,36,General Fitness
FT0237,21-01-2026,46,Female,8886,2200,47,7.4,6.1,64,Walking,56,3.5,35,General Fitness
FT0463,21-01-2026,50,Male,3745,1674,12,3.1,7.8,73,Walking,15,1.5,40,Weight Loss
FT0549,21-01-2026,40,Male,11485,2314,83,8.2,6,77,Walking,66,2.3,53,Muscle Gain
FT0587,21-01-2026,47,Female,10007,2156,30,7.1,6.9,71,Yoga,36,3.1,53,Weight Loss
FT0818,21-01-2026,22,Male,7340,1929,50,3.8,7.3,75,Gym,59,2.1,46,Flexibility
FT0958,21-01-2026,45,Female,12023,2355,70,8.8,6.1,84,Running,73,2.7,58,Endurance
FT1006,21-01-2026,57,Male,8579,2228,92,6.3,7.1,88,Walking,81,1.9,53,General Fitness
FT1357,21-01-2026,32,Male,4073,1975,74,3.4,7.2,72,Gym,52,2.1,45,Muscle Gain
FT1653,21-01-2026,20,Male,11032,2074,30,7.9,7,75,Walking,33,2,69,General Fitness
FT1786,21-01-2026,28,Female,9288,2318,67,7.1,8.8,73,Running,68,3,51,Weight Loss
FT1834,21-01-2026,21,Male,11709,2240,41,8.2,6.5,77,Running,55,2.1,56,General Fitness
FT1931,21-01-2026,21,Male,7451,2283,136,6.9,8.3,73,Gym,103,2.6,63,Muscle Gain
FT2133,21-01-2026,40,Female,6574,2173,78,5.8,6.2,79,Cycling,68,1.9,43,Flexibility
FT2139,21-01-2026,41,Female,4851,2358,73,3.7,7.5,74,Yoga,57,2,55,Weight Loss
FT0033,22-01-2026,21,Female,10327,2204,86,7.8,6.4,70,Walking,63,2.7,47,Weight Loss
FT0084,22-01-2026,53,Female,4202,2156,46,3.7,8.9,73,Cycling,41,1.3,49,Weight Loss
FT0464,22-01-2026,36,Male,9845,2192,48,7,6.2,68,Walking,45,1.3,52,General Fitness
FT0557,22-01-2026,49,Female,8061,2217,60,5.9,8.2,73,Gym,52,1.4,29,Muscle Gain
FT0854,22-01-2026,28,Male,8937,2278,79,6.6,5.6,91,Running,61,2.7,47,General Fitness
FT1093,22-01-2026,54,Male,5505,1791,10,3.8,7.3,66,Cycling,11,1.8,44,General Fitness
FT1162,22-01-2026,39,Male,5955,1910,78,4.4,7,79,Running,55,3.3,50,General Fitness
FT1282,22-01-2026,49,Female,8588,2264,101,5.6,8.3,87,Gym,105,2.9,47,Flexibility
FT1728,22-01-2026,42,Female,11602,2372,63,9.4,6.2,75,Running,58,3,42,Endurance
FT1774,22-01-2026,34,Female,11479,2042,35,8,7.8,74,Cycling,48,2.7,53,Flexibility
FT2131,22-01-2026,48,Female,8885,2578,68,7.1,6.1,74,Running,59,3.2,26,General Fitness
FT2168,22-01-2026,54,Male,5853,2290,122,3.8,7.5,68,Walking,84,1.3,44,General Fitness
FT1409,23-01-2026,18,Male,7834,1992,66,6.4,5.3,70,Walking,52,2.9,43,Endurance
FT1529,23-01-2026,18,Female,10550,2090,83,7.5,8.7,75,Gym,75,1.3,43,Muscle Gain
FT1623,23-01-2026,57,Female,10173,1929,42,8.9,8.8,67,Walking,42,2.6,43,Weight Loss
FT1647,23-01-2026,32,Female,8298,2170,57,5.2,7,65,Cycling,53,1.5,64,General Fitness
FT1802,23-01-2026,38,Male,12243,2372,91,7.7,7.8,67,Running,78,3.1,51,Weight Loss
FT1812,23-01-2026,46,Female,8529,2180,108,6.1,6.1,88,Cycling,81,2.7,56,Muscle Gain
FT2073,23-01-2026,35,Male,10187,2181,30,7.5,8.7,75,Walking,25,1.4,32,Endurance
FT2096,23-01-2026,51,Female,9313,2486,83,8.1,5.8,88,Running,73,2.6,32,Endurance
FT0211,24-01-2026,29,Female,5185,1860,44,3.9,6.8,72,Yoga,35,2.6,29,Endurance
FT0223,24-01-2026,48,Female,8573,2126,18,6.3,6.1,72,Walking,24,2.7,41,Flexibility
FT0266,24-01-2026,42,Male,8464,2100,60,5.9,6.5,79,Gym,71,1.8,72,Endurance
FT0676,24-01-2026,49,Male,9644,2143,72,7.5,8.8,77,Walking,74,1.9,48,General Fitness
FT0820,24-01-2026,60,Male,6215,2244,69,4.1,8.2,68,Running,55,1.7,45,Endurance
FT0859,24-01-2026,46,Male,10816,2093,71,8.9,6.1,87,Running,64,2.4,70,Weight Loss
FT1366,24-01-2026,18,Male,7753,2713,117,4.6,8.6,78,Running,87,2.2,47,Weight Loss
FT1434,24-01-2026,42,Female,10193,2322,49,8,6.7,75,Walking,58,2.9,49,Endurance
FT1808,24-01-2026,38,Female,8601,2446,84,5.6,7.2,70,Running,77,2.7,43,General Fitness
FT2197,24-01-2026,30,Male,8564,2095,10,6.6,6.6,69,Yoga,10,1.1,42,Weight Loss
FT0004,25-01-2026,36,Male,7372,2049,70,5.4,6.7,88,Yoga,38,1.9,47,Endurance
FT0148,25-01-2026,28,Female,9125,2145,69,7.3,8,67,Gym,40,1.4,39,General Fitness
FT0442,25-01-2026,30,Female,9519,2081,32,7.1,7.9,83,Walking,31,0.8,40,General Fitness
FT0519,25-01-2026,38,Male,11282,2614,92,9.9,5.6,91,Gym,120,2.5,66,Weight Loss
FT1010,25-01-2026,40,Female,9628,2240,38,8.2,6.8,75,Cycling,43,1.6,46,General Fitness
FT1068,25-01-2026,45,Female,9378,2457,70,7,7.1,69,Cycling,81,3.5,42,Muscle Gain
FT1103,25-01-2026,57,Male,6068,1931,54,4.1,9,77,Walking,44,2,46,General Fitness
FT1253,25-01-2026,21,Female,7660,1990,40,7,7.5,77,Walking,25,2.2,30,Weight Loss
FT1561,25-01-2026,30,Male,8499,2336,73,5.7,6.7,77,Cycling,76,2,36,General Fitness
FT1634,25-01-2026,55,Female,4529,1953,31,3.8,9.1,68,Walking,29,2.4,50,Muscle Gain
FT1657,25-01-2026,54,Male,8764,2101,67,6.3,8,72,Gym,58,2.7,37,General Fitness
FT1860,25-01-2026,49,Male,6642,2024,59,5.3,7.3,75,Running,52,2.2,40,Flexibility
FT1891,25-01-2026,25,Male,7217,2239,89,6,6.2,78,Cycling,98,1.2,33,Flexibility
FT1922,25-01-2026,41,Male,6300,2071,19,5.4,5,69,Cycling,29,2.9,58,Weight Loss
FT0160,26-01-2026,51,Male,7609,2133,47,6.3,7.3,68,Gym,47,2,61,Weight Loss
FT0399,26-01-2026,30,Female,9129,2113,60,8.5,7.2,72,Walking,57,1.8,59,Muscle Gain
FT0632,26-01-2026,32,Female,1830,1904,95,1,5.9,80,Cycling,89,2.9,43,Weight Loss
FT0847,26-01-2026,24,Female,6444,1819,62,4.6,7.7,65,Walking,56,1.7,54,Endurance
FT0981,26-01-2026,43,Female,6683,2203,87,5.7,6.9,80,Walking,67,2.3,39,General Fitness
FT1113,26-01-2026,26,Male,6523,1895,68,5.1,6.3,79,Gym,71,2.7,59,Muscle Gain
FT1234,26-01-2026,50,Female,8694,2551,61,6.1,7.2,84,Running,45,2.5,44,Weight Loss
FT1766,26-01-2026,58,Female,15017,2339,62,11,9,66,Cycling,55,2.5,65,Muscle Gain
FT1777,26-01-2026,32,Female,9913,2433,44,7.6,6,72,Running,48,1.5,38,Endurance
FT2148,26-01-2026,58,Male,3460,2173,95,2.3,7.2,75,Running,87,3.4,44,Flexibility
FT0353,27-01-2026,30,Male,9410,2153,24,8.1,6.7,88,Running,28,3.6,44,Muscle Gain
FT0542,27-01-2026,20,Female,9209,2481,121,6.4,7.7,77,Cycling,78,1.8,52,General Fitness
FT0543,27-01-2026,26,Female,8759,2237,66,8.1,7.9,67,Cycling,54,2.2,47,General Fitness
FT0608,27-01-2026,40,Female,6124,2111,76,5.7,7.7,77,Gym,71,2.5,27,General Fitness
FT0837,27-01-2026,52,Female,6795,2067,81,5.2,6.6,68,Cycling,61,2.3,40,Muscle Gain
FT1012,27-01-2026,52,Male,8775,2189,63,6,7.5,64,Gym,64,3,45,General Fitness
FT1046,27-01-2026,24,Male,11371,2226,44,7.5,6.2,81,Yoga,41,2.7,57,General Fitness
FT1169,27-01-2026,60,Male,8765,2230,54,6.6,8.7,69,Yoga,40,2.9,40,Flexibility
FT1406,27-01-2026,24,Female,6408,2078,14,5,7.2,78,Running,20,2.5,39,Muscle Gain
FT1507,27-01-2026,57,Male,9255,2381,59,7.6,8.6,73,Running,46,2.6,39,General Fitness
FT1600,27-01-2026,48,Male,5246,2337,105,4.4,8.2,76,Gym,70,1.6,37,Weight Loss
FT1693,27-01-2026,46,Male,8621,2021,34,6.3,6.8,68,Gym,35,2.8,52,Muscle Gain
FT1918,27-01-2026,39,Female,11629,2387,71,9.7,7.9,82,Walking,63,2.4,31,Weight Loss
FT1996,27-01-2026,18,Female,10934,2304,101,8.1,6.6,82,Cycling,76,2.6,33,General Fitness
FT2070,27-01-2026,36,Male,10102,2358,53,7.8,8.4,69,Running,49,1.7,51,Endurance
FT2162,27-01-2026,28,Male,8785,2167,48,6,8.4,79,Walking,45,3.6,58,General Fitness
FT0343,28-01-2026,44,Female,7193,2058,56,4.8,7.6,86,Gym,56,2.3,40,Muscle Gain
FT0637,28-01-2026,28,Male,9863,2617,105,8.4,7.9,84,Running,85,3,43,General Fitness
FT0834,28-01-2026,24,Male,11063,2490,73,8.4,6.4,83,Cycling,65,1.5,48,Weight Loss
FT1001,28-01-2026,52,Male,9265,2427,41,7.6,6.7,75,Running,40,1.4,48,Muscle Gain
FT1283,28-01-2026,34,Female,10587,2121,50,8.6,7.3,76,Gym,38,2.3,72,Endurance
FT1297,28-01-2026,29,Female,7087,2077,54,5.2,8.2,89,Running,50,2.6,42,General Fitness
FT1327,28-01-2026,47,Female,9694,2028,55,6.8,7.1,72,Gym,49,3.4,49,Weight Loss
FT1708,28-01-2026,57,Male,10678,2132,36,8.5,6.7,69,Cycling,38,2.3,51,General Fitness
FT1788,28-01-2026,22,Male,8811,1953,70,7.6,8.3,92,Running,53,3.3,40,Endurance
FT1979,28-01-2026,20,Male,7680,1934,87,5.9,7.4,85,Walking,71,2.1,33,Flexibility
FT0040,29-01-2026,45,Male,6976,2124,92,6,8.2,67,Cycling,87,1.8,60,Flexibility
FT0069,29-01-2026,21,Male,5107,1947,64,3.7,7.8,79,Walking,65,2,20,Muscle Gain
FT0298,29-01-2026,36,Male,6534,2183,90,4.3,7.6,66,Gym,87,2.6,54,Flexibility
FT0607,29-01-2026,31,Female,4756,2242,102,3.6,7.1,82,Gym,103,2.2,51,Endurance
FT0652,29-01-2026,46,Female,4594,2038,47,2.8,7.8,55,Yoga,58,2.9,47,Endurance
FT1310,29-01-2026,54,Male,4493,1824,22,3.7,8,68,Yoga,20,2.2,49,General Fitness
FT1386,29-01-2026,28,Female,12644,2272,54,9.7,9.2,79,Running,56,2.8,65,General Fitness
FT1454,29-01-2026,28,Male,4844,2046,47,5,5.1,89,Running,71,1.7,22,General Fitness
FT1481,29-01-2026,24,Female,6285,2228,72,5.4,8,78,Running,69,1.4,41,Endurance
FT1702,29-01-2026,25,Female,10581,2332,68,9,7.9,88,Cycling,57,2.4,34,Flexibility
FT1744,29-01-2026,18,Female,9408,2170,49,8.4,7.6,75,Running,49,2.4,54,General Fitness
FT1752,29-01-2026,56,Female,8881,2387,125,7.5,7.2,87,Running,103,2.5,28,Muscle Gain
FT0315,30-01-2026,28,Female,10979,2270,53,9.2,6.8,75,Cycling,35,2.2,43,General Fitness
FT0410,30-01-2026,18,Male,5214,2174,76,5.1,6.1,76,Gym,66,3.1,57,Weight Loss
FT0470,30-01-2026,58,Female,8076,2284,105,6.8,7.6,70,Cycling,78,2.4,50,Weight Loss
FT0497,30-01-2026,23,Female,12337,2605,94,8.7,7.2,84,Cycling,91,1.8,53,Endurance
FT0499,30-01-2026,57,Male,14140,2704,52,10.4,8.4,73,Running,74,2.5,48,Muscle Gain
FT0707,30-01-2026,18,Female,5957,2073,93,4.6,8.4,74,Running,68,2,54,General Fitness
FT1031,30-01-2026,38,Female,4999,2081,54,4.3,8.4,70,Walking,47,3.1,67,Weight Loss
FT1839,30-01-2026,27,Female,5531,2068,67,4.2,6.3,75,Walking,56,2.3,39,Flexibility
FT1940,30-01-2026,26,Male,8140,2078,97,6.9,7.3,80,Cycling,95,3.1,65,Muscle Gain
FT2095,30-01-2026,24,Male,10763,2776,108,7.6,8.2,78,Running,79,1.3,29,Endurance
FT2145,30-01-2026,33,Female,7038,1954,39,5.6,7.9,69,Yoga,38,2.3,56,Muscle Gain
FT0003,31-01-2026,46,Male,9784,1964,45,7.8,7.6,76,Walking,44,2.6,55,Weight Loss
FT0279,31-01-2026,20,Male,4696,2121,97,4.6,7.9,72,Gym,91,2.5,47,Flexibility
FT0314,31-01-2026,30,Male,10919,2176,56,8.4,6.6,65,Gym,54,1.9,36,Muscle Gain
FT0488,31-01-2026,40,Male,10418,1990,42,7.6,8.2,80,Walking,40,2.2,53,Muscle Gain
FT0716,31-01-2026,52,Male,11905,2330,55,8.9,5.7,72,Cycling,50,1,47,General Fitness
FT1127,31-01-2026,54,Male,12583,2201,19,10.7,7.1,60,Walking,21,2.3,46,Muscle Gain
FT1303,31-01-2026,48,Male,6051,1957,29,4.3,7.5,57,Yoga,19,1.6,36,Muscle Gain
FT1719,31-01-2026,35,Female,4562,2084,71,2.7,7.8,75,Cycling,67,3.4,30,Weight Loss
FT1975,31-01-2026,42,Male,8267,2088,26,6.1,6.8,76,Running,27,2.1,69,Endurance
FT0015,01-02-2026,48,Male,8445,2212,37,5.8,6.8,85,Running,41,0.9,53,Muscle Gain
FT0194,01-02-2026,33,Female,10916,2205,82,9.5,5.9,66,Cycling,74,2.6,55,Endurance
FT0352,01-02-2026,19,Male,8218,1980,59,6.6,4,64,Walking,41,1.5,48,General Fitness
FT0927,01-02-2026,41,Male,6923,2081,80,5.4,8,73,Cycling,79,2.6,40,General Fitness
FT0953,01-02-2026,44,Female,13285,2104,46,11.3,6,63,Walking,42,1.2,70,Weight Loss
FT0961,01-02-2026,24,Male,3654,1920,41,3.4,5.6,75,Yoga,44,1.8,43,Muscle Gain
FT1062,01-02-2026,47,Female,8815,2208,50,7.1,6.9,77,Cycling,50,1.9,36,General Fitness
FT1408,01-02-2026,55,Male,11425,2409,53,8.7,7.8,82,Running,69,3.4,42,Endurance
FT1441,01-02-2026,51,Female,5643,1666,62,4.2,7.4,68,Walking,61,2.6,47,Weight Loss
FT1569,01-02-2026,57,Male,4752,2051,83,3,6,81,Running,79,3.1,60,Muscle Gain
FT1635,01-02-2026,35,Female,4783,2106,113,3.1,9.7,74,Cycling,86,2.2,43,Weight Loss
FT1962,01-02-2026,60,Female,7771,1880,42,5.5,7.2,80,Cycling,59,1.5,43,Endurance
FT0267,02-02-2026,37,Female,8928,2288,77,5.9,7.5,76,Gym,61,2.3,49,Weight Loss
FT0596,02-02-2026,52,Male,8354,1935,51,4.7,7.4,73,Cycling,36,1.2,63,General Fitness
FT1296,02-02-2026,40,Male,7164,2112,32,4.8,8.8,55,Yoga,30,2.1,32,General Fitness
FT0251,03-02-2026,25,Male,4158,2229,117,3.4,7.8,72,Gym,98,1.9,70,General Fitness
FT0598,03-02-2026,51,Male,9919,2490,62,8,7.9,83,Running,46,4.1,39,Flexibility
FT0709,03-02-2026,38,Female,3274,1662,53,3.3,7.8,73,Walking,44,1.3,55,Weight Loss
FT0838,03-02-2026,26,Male,6386,2389,96,4.5,8.5,75,Gym,82,3,49,General Fitness
FT1055,03-02-2026,21,Male,5319,1901,58,3.7,8,66,Gym,42,2.5,50,Endurance
FT1060,03-02-2026,31,Female,7274,1979,48,6.4,7.6,74,Gym,51,1.5,42,Muscle Gain
FT1077,03-02-2026,48,Female,10773,2230,70,8.7,8.5,77,Gym,61,1.6,74,General Fitness
FT1142,03-02-2026,32,Female,4952,2074,50,3.8,7.2,73,Running,45,3,46,General Fitness
FT1622,03-02-2026,18,Male,9362,2101,16,7.5,7.7,63,Walking,11,1.7,48,Flexibility
FT1652,03-02-2026,18,Male,7788,2129,59,5.5,7.3,88,Gym,61,1.5,34,Weight Loss
FT1663,03-02-2026,25,Female,6453,2184,57,4.3,7.3,79,Running,60,2.5,57,General Fitness
FT1908,03-02-2026,24,Female,5410,1892,44,3.8,7.5,74,Yoga,35,2.4,45,Muscle Gain
FT1941,03-02-2026,25,Female,8271,1952,39,6.5,7.8,64,Walking,42,3.3,75,Muscle Gain
FT1995,03-02-2026,50,Female,8672,1981,45,6.6,6.1,56,Gym,42,2,55,Muscle Gain
FT2081,03-02-2026,53,Male,4644,2023,98,2.9,8.2,82,Walking,62,3.1,57,Weight Loss
FT0412,04-02-2026,27,Female,7583,2064,102,7.5,7.7,83,Gym,73,2.5,61,Muscle Gain
FT0558,04-02-2026,55,Male,10111,1967,45,7.1,7.7,71,Running,44,1.8,59,Flexibility
FT0813,04-02-2026,47,Male,4652,2338,98,3.1,6.7,90,Gym,73,3.4,58,Weight Loss
FT1082,04-02-2026,60,Male,8954,2303,44,8,6.8,69,Running,36,1.9,69,General Fitness
FT1149,04-02-2026,47,Female,9681,2529,101,6.6,5.5,78,Cycling,109,2,66,Weight Loss
FT1232,04-02-2026,49,Female,10512,2261,95,7.7,5.7,88,Running,83,3.2,66,General Fitness
FT1243,04-02-2026,59,Male,8624,2041,31,6.1,8.5,72,Yoga,31,1,43,Weight Loss
FT1603,04-02-2026,53,Female,3979,1952,58,2.7,6.6,84,Walking,53,1.9,56,General Fitness
FT1722,04-02-2026,49,Male,8394,2031,35,7.7,6.7,68,Gym,44,2.7,61,General Fitness
FT1985,04-02-2026,45,Male,7142,1964,59,5.8,7.8,77,Walking,45,2.4,48,Flexibility
FT2050,04-02-2026,46,Female,9053,2113,65,7.6,6,75,Walking,49,2.8,50,Weight Loss
FT2071,04-02-2026,26,Male,5561,2164,62,4.4,8.9,66,Walking,58,3.6,18,Weight Loss
FT0228,05-02-2026,42,Male,11449,2559,69,8.6,7.5,66,Walking,59,2.6,49,Endurance
FT0612,05-02-2026,37,Female,3795,1907,60,4.1,7.4,85,Running,57,2.3,38,Muscle Gain
FT0623,05-02-2026,25,Male,5913,1828,59,5.8,6.4,81,Running,47,2.1,46,Flexibility
FT0858,05-02-2026,20,Female,7922,2273,70,5,6.6,81,Walking,50,3.5,57,Endurance
FT0976,05-02-2026,27,Male,9247,2222,54,6.9,7.6,73,Walking,50,1.3,43,Weight Loss
FT1293,05-02-2026,37,Female,7144,2402,93,5.5,7.1,81,Gym,66,2.2,48,Endurance
FT1457,05-02-2026,60,Female,6105,2423,76,5.9,4.9,83,Running,74,2.3,33,Muscle Gain
FT1547,05-02-2026,47,Male,5161,1667,28,4.2,6,62,Walking,32,3.1,46,General Fitness
FT1617,05-02-2026,52,Female,5153,2155,101,3.5,5.6,82,Gym,84,1.9,40,General Fitness
FT1624,05-02-2026,18,Female,7049,1881,50,6.3,6,71,Gym,38,1.3,78,Endurance
FT1806,05-02-2026,19,Male,10300,2756,128,8.2,6.2,84,Running,100,1.6,32,General Fitness
FT2089,05-02-2026,31,Female,8676,2327,70,6.4,7.7,74,Running,63,2.2,68,Endurance
FT0006,06-02-2026,54,Male,7373,2166,73,6.1,8.2,68,Walking,75,2.3,44,General Fitness
FT0010,06-02-2026,22,Female,6496,2076,51,4.9,7.6,75,Walking,61,1.9,58,General Fitness
FT0045,06-02-2026,20,Female,10113,2358,112,8.4,7.5,81,Cycling,80,2.4,48,Weight Loss
FT0101,06-02-2026,53,Male,7088,2102,48,3.7,7.4,81,Walking,36,1.7,50,Endurance
FT0296,06-02-2026,40,Female,6042,2353,76,4.2,6.6,74,Yoga,57,2.7,52,Muscle Gain
FT0322,06-02-2026,22,Female,9284,2222,62,8.1,7.5,73,Walking,81,1.7,60,General Fitness
FT0459,06-02-2026,54,Male,7838,2127,38,5.8,6.8,71,Yoga,46,3.3,52,General Fitness
FT0506,06-02-2026,37,Female,10591,2128,77,9.6,5.9,69,Walking,60,2.4,57,Weight Loss
FT0643,06-02-2026,54,Female,5843,2237,52,4.7,6.3,68,Walking,56,2.2,46,Muscle Gain
FT0799,06-02-2026,31,Female,3821,1945,50,4.1,6.5,62,Gym,57,2.5,63,General Fitness
FT0905,06-02-2026,37,Female,11155,2557,120,8.2,7.4,70,Gym,107,2.6,31,Weight Loss
FT0991,06-02-2026,32,Female,7973,2204,72,6.4,7.4,67,Walking,52,2.7,37,Endurance
FT1190,06-02-2026,18,Female,9069,2364,104,7.2,8.5,80,Cycling,85,1.3,53,Muscle Gain
FT1314,06-02-2026,54,Male,10721,2348,43,8.7,7.8,75,Running,57,2,49,Endurance
FT1392,06-02-2026,40,Female,7157,2089,102,6.3,6.6,70,Walking,86,2.1,60,Weight Loss
FT1531,06-02-2026,21,Female,9079,2238,69,7.6,7.1,82,Cycling,66,1.9,60,Muscle Gain
FT1865,06-02-2026,53,Female,8187,2216,45,5.5,6.6,64,Cycling,55,1.8,65,Muscle Gain
FT1977,06-02-2026,58,Female,9403,2085,53,6.9,6.8,72,Cycling,54,2.6,49,General Fitness
FT2192,06-02-2026,35,Male,7066,2179,70,5.6,8.8,72,Cycling,81,1.7,46,Muscle Gain
FT0028,07-02-2026,53,Male,7045,1922,92,4.7,6.5,72,Gym,71,2.2,33,Flexibility
FT0077,07-02-2026,32,Female,8238,1815,10,6.8,8.3,63,Walking,10,3.1,53,General Fitness
FT0147,07-02-2026,19,Male,6026,2058,34,5,8.5,73,Cycling,35,2.8,47,Weight Loss
FT0156,07-02-2026,46,Male,7222,2201,98,5.8,8.2,72,Gym,79,2.2,63,General Fitness
FT0246,07-02-2026,21,Male,9066,2519,93,7.4,7,74,Running,69,2.6,29,Weight Loss
FT0414,07-02-2026,23,Male,8826,2042,47,6.3,7.8,74,Gym,65,2.7,37,Endurance
FT0468,07-02-2026,43,Female,7777,2006,52,7.2,7,77,Running,51,1.6,47,Weight Loss
FT0481,07-02-2026,30,Male,4845,1900,45,4.4,7.2,81,Walking,59,1.9,55,General Fitness
FT0518,07-02-2026,20,Male,9640,2353,100,8.4,5.7,71,Walking,72,2.6,21,Endurance
FT0620,07-02-2026,24,Male,9510,2522,88,6.6,8.1,83,Running,71,3.5,59,Flexibility
FT0802,07-02-2026,30,Female,11693,2206,74,9.8,6.9,77,Cycling,60,3.4,62,Muscle Gain
FT0948,07-02-2026,23,Male,5019,1728,37,5.1,6.9,75,Walking,37,2.2,49,Endurance
FT1126,07-02-2026,54,Female,9948,2520,103,8.3,8.3,83,Running,84,3.9,40,Endurance
FT1308,07-02-2026,28,Female,9118,2085,42,8.1,6.4,65,Walking,38,3.5,54,Muscle Gain
FT1572,07-02-2026,33,Female,8186,1944,63,7.7,5.9,72,Walking,70,2.4,54,Muscle Gain
FT1616,07-02-2026,25,Female,6308,1795,54,4.7,8.9,78,Gym,61,1.2,58,Weight Loss
FT0067,08-02-2026,56,Male,8716,2133,70,6.2,4.6,79,Gym,71,2.1,52,Endurance
FT0177,08-02-2026,48,Female,5589,1899,63,4.2,7.3,75,Gym,43,1.5,46,Endurance
FT0269,08-02-2026,44,Female,3791,1752,31,2.7,6,71,Gym,18,2.2,74,General Fitness
FT0413,08-02-2026,30,Male,11115,2092,53,9.4,6.2,75,Yoga,43,1.6,71,General Fitness
FT0677,08-02-2026,42,Male,7568,1838,55,5.3,6.8,73,Walking,52,2.3,41,Endurance
FT0679,08-02-2026,40,Female,8158,2394,85,6.6,7.6,81,Running,57,3.2,58,Weight Loss
FT0705,08-02-2026,23,Male,6222,2220,71,4.4,4.6,80,Cycling,57,2,33,General Fitness
FT0947,08-02-2026,59,Female,9752,2016,77,7.2,6,71,Gym,74,2.9,44,Endurance
FT1151,08-02-2026,33,Male,8978,2057,52,8.2,7.5,84,Gym,60,1.2,50,Muscle Gain
FT1200,08-02-2026,44,Male,10824,2048,62,8.7,7,66,Gym,62,1.5,55,Muscle Gain
FT1263,08-02-2026,37,Female,7519,2045,17,6.6,7.7,67,Walking,15,4.1,69,General Fitness
FT1268,08-02-2026,34,Female,9061,2010,17,7.5,7.9,69,Walking,10,1.6,54,Weight Loss
FT1404,08-02-2026,31,Male,7383,2028,48,6.4,8.1,79,Running,61,2.6,42,Weight Loss
FT1699,08-02-2026,33,Male,11018,2376,49,8.5,8.5,82,Running,56,1.6,51,Weight Loss
FT0091,09-02-2026,36,Female,7606,2120,38,4.9,8.3,72,Walking,31,2.9,30,Muscle Gain
FT0265,09-02-2026,60,Female,9817,2333,83,8.4,6.4,75,Yoga,65,3,54,Endurance
FT0278,09-02-2026,51,Male,8726,2185,66,6.8,6.1,81,Walking,61,2.9,55,Weight Loss
FT0396,09-02-2026,55,Male,8780,2269,54,6.1,7.8,80,Running,44,2.2,41,Flexibility
FT0426,09-02-2026,26,Female,6071,2230,90,4.8,8.4,76,Gym,75,3.4,41,General Fitness
FT0501,09-02-2026,22,Male,7947,2070,65,5.5,8.2,72,Walking,52,2.5,56,Flexibility
FT0727,09-02-2026,49,Female,8007,2089,54,5.9,7.3,67,Cycling,54,1.7,46,Muscle Gain
FT0860,09-02-2026,52,Male,7690,2057,33,6.2,6.8,71,Walking,34,2.3,59,General Fitness
FT1029,09-02-2026,42,Female,5689,2431,108,4.5,6.8,74,Gym,83,1.1,25,Flexibility
FT1083,09-02-2026,59,Male,6505,1954,69,3.7,7.3,71,Walking,51,3,32,Endurance
FT1182,09-02-2026,57,Female,6719,2244,84,5.6,7.6,67,Cycling,80,2.6,35,Flexibility
FT1227,09-02-2026,22,Female,10358,2391,47,7.2,7.7,76,Gym,59,1.4,63,Flexibility
FT1312,09-02-2026,32,Male,8437,2147,72,6.7,7.3,77,Running,70,2.6,34,Weight Loss
FT1353,09-02-2026,39,Male,3033,2120,78,1.2,5.2,69,Walking,62,2.9,34,General Fitness
FT1370,09-02-2026,45,Female,6266,2129,83,4.6,6.5,74,Walking,70,2.7,63,Muscle Gain
FT1397,09-02-2026,44,Male,6063,2084,36,3.8,7.2,70,Running,37,2.4,34,Muscle Gain
FT1472,09-02-2026,48,Male,8312,2074,51,5.6,5.4,73,Running,62,2.7,49,Muscle Gain
FT1545,09-02-2026,27,Female,8124,2189,10,6.6,8.1,76,Running,10,2.5,52,Muscle Gain
FT1640,09-02-2026,29,Male,7058,2139,77,5.4,7.3,73,Walking,65,2.4,56,General Fitness
FT1826,09-02-2026,56,Male,5775,1817,33,4.3,6.8,76,Walking,34,0.9,64,Endurance
FT1835,09-02-2026,35,Male,9306,1957,44,7.6,7.9,68,Gym,35,3.3,53,Weight Loss
FT0013,10-02-2026,49,Male,10507,2298,55,8.3,7.3,70,Cycling,54,2.4,46,Weight Loss
FT0097,10-02-2026,28,Female,9842,2516,121,7.7,6.5,73,Walking,91,1.7,65,Flexibility
FT0100,10-02-2026,24,Male,9095,2419,105,7.6,6.4,85,Cycling,84,1.1,46,General Fitness
FT0884,10-02-2026,24,Female,6563,2379,85,5.2,8.9,78,Running,75,3.3,54,General Fitness
FT1030,10-02-2026,32,Female,7451,1971,29,6,6.4,66,Yoga,29,1.5,53,Flexibility
FT1210,10-02-2026,59,Male,9340,2325,61,7.4,7.4,78,Running,63,2.4,51,General Fitness
FT1329,10-02-2026,47,Male,11544,1949,25,9.1,6.8,70,Walking,17,3.2,59,Muscle Gain
FT1799,10-02-2026,38,Male,7530,2329,70,6.3,6.9,80,Gym,62,1.9,32,Endurance
FT1943,10-02-2026,55,Male,8967,1983,10,6.4,7.7,81,Running,10,2,34,Endurance
FT2091,10-02-2026,56,Female,6422,2072,50,6.1,7.6,71,Cycling,53,2.6,40,Weight Loss
FT0121,11-02-2026,36,Female,6556,2258,78,4.9,7.1,71,Gym,81,1.7,60,Muscle Gain
FT0207,11-02-2026,50,Male,11155,2119,58,8.6,5,79,Running,67,2.8,44,General Fitness
FT0866,11-02-2026,48,Female,5723,2194,90,5.7,7.5,85,Walking,68,2.6,37,General Fitness
FT0989,11-02-2026,28,Male,11278,2391,62,6.9,7.9,75,Yoga,62,0.9,38,General Fitness
FT1090,11-02-2026,24,Male,7520,1959,72,5.6,8.6,82,Cycling,67,3,35,Flexibility
FT1236,11-02-2026,32,Male,9210,2170,47,6.7,9.1,80,Walking,55,0.8,59,Muscle Gain
FT1300,11-02-2026,19,Male,6514,2093,40,4.3,6.1,79,Running,22,2.5,63,Muscle Gain
FT1373,11-02-2026,37,Male,8593,2501,123,6.4,5.9,84,Walking,83,1.7,38,Flexibility
FT1554,11-02-2026,44,Male,5068,1924,42,4.4,5.1,67,Walking,37,2.7,58,Muscle Gain
FT1655,11-02-2026,24,Male,8314,2073,25,5.8,5.7,70,Walking,32,3.4,46,General Fitness
FT1705,11-02-2026,57,Female,7199,1782,18,5.2,6,59,Walking,29,1.5,47,General Fitness
FT1938,11-02-2026,41,Female,6102,1970,66,4.2,8.5,75,Walking,54,2.5,36,Weight Loss
FT2126,11-02-2026,28,Male,7022,2181,74,4.6,6.2,71,Cycling,62,2.7,52,Weight Loss
FT0048,12-02-2026,56,Male,10080,2215,68,7,8.7,80,Cycling,78,1.4,47,General Fitness
FT0869,12-02-2026,37,Female,8030,2322,110,6.9,8.1,64,Cycling,90,2.1,64,Muscle Gain
FT0879,12-02-2026,41,Male,9609,2365,77,8,6.6,72,Cycling,53,3.4,65,Weight Loss
FT0994,12-02-2026,36,Female,11694,2162,61,9.1,6.3,77,Cycling,65,3.9,46,Weight Loss
FT1352,12-02-2026,34,Male,8666,2039,60,6,6.3,76,Gym,43,2.4,62,Muscle Gain
FT1438,12-02-2026,46,Female,8634,2297,76,5.7,6,87,Walking,79,2.1,45,General Fitness
FT1474,12-02-2026,26,Male,8372,2396,90,7.2,6.4,91,Running,77,3.2,19,Weight Loss
FT1598,12-02-2026,49,Female,8539,2097,51,7.2,6.4,58,Cycling,42,1.5,64,Weight Loss
FT2048,12-02-2026,40,Male,8150,2075,30,6.4,8.2,66,Gym,55,2.2,45,Muscle Gain
FT2178,12-02-2026,38,Male,9579,2598,57,7.9,6.2,75,Running,55,2.8,42,General Fitness
FT0141,13-02-2026,60,Male,6598,1900,47,4.8,6.9,72,Walking,34,2.3,56,Muscle Gain
FT0232,13-02-2026,54,Female,7715,2166,17,5.6,9,61,Walking,21,1.6,22,Flexibility
FT0485,13-02-2026,37,Male,8055,2518,118,6.4,9,83,Cycling,88,2.3,44,General Fitness
FT0584,13-02-2026,20,Female,7085,2293,70,4.3,5.3,75,Running,56,2,27,Muscle Gain
FT0685,13-02-2026,25,Female,6791,2183,51,4.4,7.5,83,Running,45,1.9,52,Weight Loss
FT0717,13-02-2026,40,Male,6460,2058,38,4.3,6.9,58,Walking,57,2.4,79,Flexibility
FT0720,13-02-2026,43,Male,6996,1709,46,5.4,7.1,73,Gym,58,2.9,54,Weight Loss
FT0942,13-02-2026,35,Male,11398,2268,101,9.7,6.8,76,Gym,85,2,47,Weight Loss
FT0977,13-02-2026,22,Male,9019,2435,96,6.6,7.9,77,Running,96,2.5,50,Weight Loss
FT1134,13-02-2026,50,Male,7826,2084,68,6.2,8,79,Running,56,3.1,48,General Fitness
FT1166,13-02-2026,22,Female,7408,2087,53,4.8,6.4,75,Walking,37,1.8,35,General Fitness
FT1342,13-02-2026,23,Female,5818,2196,78,4.8,8.7,89,Walking,69,2.7,29,Endurance
FT1349,13-02-2026,49,Male,11356,2390,65,10,7.2,75,Running,72,1.5,54,Flexibility
FT1668,13-02-2026,47,Male,9267,2206,46,7.5,8.1,72,Running,45,2.4,52,General Fitness
FT1798,13-02-2026,25,Female,7802,2189,75,5.9,7.6,70,Cycling,78,2.5,62,General Fitness
FT1873,13-02-2026,43,Female,8680,2300,100,5.1,6.9,85,Gym,77,2.1,62,Endurance
FT1947,13-02-2026,24,Female,7517,2223,73,6.1,6.3,72,Cycling,55,2.1,51,General Fitness
FT2054,13-02-2026,58,Female,9134,1702,10,7.3,6,69,Cycling,10,3.8,53,General Fitness
FT0065,14-02-2026,35,Female,8840,2457,73,7.4,7.5,72,Running,73,2.8,27,General Fitness
FT1098,14-02-2026,50,Female,9193,2365,73,8.3,7.2,77,Gym,81,2.8,55,Weight Loss
FT1181,14-02-2026,44,Female,8735,2196,39,7.1,8.6,80,Running,46,2.5,33,Weight Loss
FT1313,14-02-2026,51,Female,4484,2118,106,3.2,9.6,79,Cycling,99,2.7,47,Endurance
FT1323,14-02-2026,41,Male,5817,2440,101,3.4,7.2,81,Cycling,88,2.3,46,General Fitness
FT1614,14-02-2026,47,Female,5064,1756,55,3.8,6.3,63,Yoga,51,2.1,22,Muscle Gain
FT1823,14-02-2026,30,Female,11636,2679,83,8.8,6.2,68,Running,63,1.2,59,Endurance
FT0218,15-02-2026,22,Female,8038,1960,31,7.2,5.6,70,Walking,39,2.3,57,General Fitness
FT0295,15-02-2026,41,Male,7509,1789,33,5.9,7.4,82,Walking,32,0.9,54,General Fitness
FT0348,15-02-2026,58,Male,9320,2499,67,8.5,7.5,74,Running,60,1.3,56,General Fitness
FT0373,15-02-2026,35,Female,10824,1976,36,9.4,5.8,80,Running,31,2.9,54,General Fitness
FT0451,15-02-2026,59,Female,7471,2146,44,6,8.5,67,Walking,38,2.5,64,Weight Loss
FT0458,15-02-2026,45,Female,5570,1717,68,4,7.2,74,Walking,59,1.5,47,General Fitness
FT0545,15-02-2026,53,Female,7689,1909,15,4.7,8.1,78,Yoga,18,1.6,35,General Fitness
FT1154,15-02-2026,57,Male,10031,2540,126,8.5,5,86,Cycling,89,2.6,45,Weight Loss
FT1267,15-02-2026,20,Female,9173,2249,75,7.1,6.8,65,Gym,77,1.8,48,General Fitness
FT1269,15-02-2026,58,Female,7595,1823,46,6.5,7.1,66,Cycling,42,2.1,61,General Fitness
FT1319,15-02-2026,37,Female,9922,2410,79,6.7,7.4,78,Running,74,3,44,Endurance
FT1534,15-02-2026,26,Male,5545,2169,69,4.4,8.5,67,Gym,76,1.2,31,Weight Loss
FT1563,15-02-2026,28,Female,6981,1971,58,4.8,5,67,Walking,44,1.9,56,Endurance
FT1694,15-02-2026,34,Male,10965,2018,28,7.8,5.8,82,Running,19,1.8,10,Weight Loss
FT1696,15-02-2026,47,Male,7720,1720,27,6,8.2,64,Walking,25,2.8,27,Endurance
FT1848,15-02-2026,41,Male,10367,2392,41,8.2,6.8,74,Running,43,4,73,General Fitness
FT2108,15-02-2026,23,Female,9918,1941,49,7.1,6.1,77,Walking,45,1.7,45,General Fitness
FT2171,15-02-2026,18,Male,6867,2144,85,5.6,7,72,Cycling,67,3,75,Endurance
FT2174,15-02-2026,50,Male,8528,1897,10,6.1,7.3,71,Walking,15,2.3,57,Weight Loss
FT0095,16-02-2026,56,Male,10801,2272,51,8.1,6.6,80,Gym,52,1.7,46,Muscle Gain
FT0663,16-02-2026,19,Female,6365,2058,64,5.6,6.3,66,Gym,60,3.1,45,Endurance
FT0690,16-02-2026,51,Female,7726,2078,32,5.5,7.7,65,Yoga,39,2.3,53,Endurance
FT0817,16-02-2026,19,Male,7617,2367,133,5.2,9.5,79,Cycling,90,2.1,61,Weight Loss
FT0919,16-02-2026,28,Male,10521,2427,88,8.7,7.3,74,Yoga,81,2.7,52,Endurance
FT1016,16-02-2026,54,Male,6973,2050,97,5.3,8,75,Cycling,77,2.6,66,General Fitness
FT1092,16-02-2026,37,Male,7864,2099,102,6,5.6,76,Gym,78,2.1,49,General Fitness
FT1156,16-02-2026,43,Male,11669,2275,63,9.3,8.8,84,Running,66,4.1,57,General Fitness
FT1180,16-02-2026,19,Male,6858,2335,84,5.7,8.8,79,Yoga,79,1.9,63,General Fitness
FT1332,16-02-2026,48,Male,6865,2320,84,5.3,7.2,76,Running,92,1.9,53,General Fitness
FT0115,17-02-2026,39,Female,7522,2217,74,5.2,7,82,Running,70,2.7,44,Weight Loss
FT0249,17-02-2026,51,Female,8298,2308,96,5.3,9.4,79,Walking,68,2,76,Flexibility
FT0324,17-02-2026,57,Female,8222,2172,48,5.8,6.4,81,Gym,40,2.4,62,Muscle Gain
FT0354,17-02-2026,36,Male,4308,1846,58,3.9,6.2,74,Walking,48,2.8,60,Muscle Gain
FT0512,17-02-2026,50,Male,9543,1873,31,7.6,7.7,73,Walking,44,2,54,Flexibility
FT0572,17-02-2026,35,Male,10472,2170,28,9.4,8.8,66,Walking,22,2.9,53,Weight Loss
FT0613,17-02-2026,51,Male,8893,2127,51,8,7.5,78,Gym,42,2.4,37,Flexibility
FT0655,17-02-2026,41,Female,6548,1773,35,5.2,7.4,68,Walking,21,2.5,46,Endurance
FT0875,17-02-2026,47,Female,6660,2272,79,5.1,8.9,73,Gym,81,2.3,39,Weight Loss
FT0892,17-02-2026,48,Male,7808,2304,107,4.5,7.9,78,Gym,80,2.4,53,Muscle Gain
FT1094,17-02-2026,34,Female,9513,2076,65,9,8.6,78,Cycling,58,2,54,General Fitness
FT1121,17-02-2026,18,Female,8909,2148,61,6.7,7.1,84,Running,51,3.5,37,General Fitness
FT1717,17-02-2026,45,Female,8011,2075,48,6.5,6.8,66,Cycling,63,1.8,53,Weight Loss
FT1781,17-02-2026,20,Female,8183,2500,70,5.8,8.7,74,Walking,51,2.8,61,General Fitness
FT2177,17-02-2026,22,Female,8889,2190,53,6.5,7.3,66,Walking,57,1.4,56,General Fitness
FT0145,18-02-2026,60,Female,10694,2454,81,7.3,6.1,73,Gym,88,2.3,60,General Fitness
FT0253,18-02-2026,26,Female,11581,2571,69,9.2,8.1,89,Running,60,1.2,66,Weight Loss
FT0288,18-02-2026,42,Female,9796,2083,39,7.5,7.5,81,Running,38,2.6,40,Muscle Gain
FT0328,18-02-2026,19,Female,7515,2196,60,5.7,6.1,76,Cycling,52,3.1,55,General Fitness
FT0347,18-02-2026,60,Male,9992,2807,111,7.8,6.2,81,Running,105,1.5,73,Muscle Gain
FT0582,18-02-2026,53,Male,6966,2023,61,5.3,6.9,87,Yoga,47,2.4,47,Weight Loss
FT0631,18-02-2026,49,Male,9374,2216,59,6.9,7.6,62,Cycling,47,1.9,44,Muscle Gain
FT0974,18-02-2026,38,Male,8445,2078,53,6.1,6.1,64,Gym,56,2.5,57,Flexibility
FT1011,18-02-2026,29,Female,5641,2172,52,5.1,7.8,78,Cycling,39,2.5,59,General Fitness
FT1165,18-02-2026,40,Male,5503,1982,88,5.1,6.9,82,Walking,78,3.2,52,Muscle Gain
FT1237,18-02-2026,18,Male,6780,2191,92,3.7,9.2,72,Cycling,73,1.4,56,Endurance
FT1939,18-02-2026,59,Female,12421,2395,40,8.4,7.3,73,Running,39,2.6,38,Muscle Gain
FT2136,18-02-2026,47,Female,6328,1869,48,4.7,5.5,77,Walking,34,2,51,General Fitness
FT0117,19-02-2026,19,Female,6584,1967,25,5.1,6.5,69,Cycling,47,3.5,42,General Fitness
FT0300,19-02-2026,18,Female,9059,2393,76,7.4,8.6,76,Running,60,2.4,43,Muscle Gain
FT0495,19-02-2026,30,Male,10882,2355,46,7.4,6.8,63,Cycling,41,3.2,41,General Fitness
FT0517,19-02-2026,55,Female,8507,2157,63,7,9.1,80,Running,52,2,44,Flexibility
FT0590,19-02-2026,54,Female,11249,2330,31,8.3,8,64,Walking,25,3,42,General Fitness
FT0597,19-02-2026,42,Female,12205,2546,62,10.1,6.9,71,Running,52,2.9,39,General Fitness
FT0629,19-02-2026,39,Female,7788,1773,13,6.1,6.8,75,Walking,14,2.2,57,General Fitness
FT0792,19-02-2026,37,Male,11090,2313,99,9.2,6.9,78,Gym,71,1.5,42,General Fitness
FT0888,19-02-2026,26,Male,6717,2126,28,4.6,7.5,63,Walking,37,2.7,57,Muscle Gain
FT0935,19-02-2026,37,Female,7173,1755,26,6.2,7,75,Walking,19,2.4,42,Endurance
FT1173,19-02-2026,34,Male,8017,1901,32,5.8,7.5,73,Cycling,20,2.5,45,General Fitness
FT1376,19-02-2026,59,Female,7868,2073,24,6.3,6.4,71,Walking,40,2.1,47,Muscle Gain
FT1540,19-02-2026,44,Female,9339,2249,83,6.7,7.3,68,Walking,58,3.3,51,Flexibility
FT1933,19-02-2026,53,Female,8078,2446,106,6,7,83,Running,79,2.2,49,Flexibility
FT2005,19-02-2026,52,Male,3968,2179,100,2.9,7.8,70,Walking,79,1.2,38,Muscle Gain
FT2020,19-02-2026,37,Female,7435,2100,66,6.1,5.8,76,Running,69,3,57,General Fitness
FT2055,19-02-2026,48,Female,6705,1978,48,5.5,7.5,74,Yoga,44,1.2,51,Muscle Gain
FT0022,20-02-2026,33,Female,9603,2250,53,7.3,8.2,76,Running,59,2.6,43,Flexibility
FT0307,20-02-2026,30,Male,9684,2152,47,6.8,6,73,Walking,63,1.7,62,Flexibility
FT0484,20-02-2026,52,Female,9537,2107,30,6.9,8.3,66,Walking,35,2.4,32,Weight Loss
FT0492,20-02-2026,55,Female,7724,2253,86,5.3,7.6,83,Running,67,3.7,60,General Fitness
FT0737,20-02-2026,49,Female,7486,2175,72,6,6.3,81,Running,60,2.3,56,Muscle Gain
FT0748,20-02-2026,31,Male,12097,2280,59,9.8,8.1,65,Walking,62,1.9,51,Endurance
FT1072,20-02-2026,26,Female,7970,2089,68,7.2,7.4,68,Walking,58,3,49,Muscle Gain
FT1281,20-02-2026,49,Male,5803,2055,64,4.6,7.5,80,Cycling,52,2.4,78,Muscle Gain
FT1420,20-02-2026,38,Female,8647,2080,34,5.4,7.4,74,Walking,39,1.5,52,Weight Loss
FT1477,20-02-2026,39,Male,11672,2375,36,8.9,6.4,79,Running,45,3.5,28,General Fitness
FT1665,20-02-2026,40,Female,6178,2296,62,5.4,5.6,70,Walking,62,1.6,73,Endurance
FT1913,20-02-2026,18,Male,8542,1911,81,6.4,6.2,73,Yoga,51,2.4,43,General Fitness
FT0270,21-02-2026,43,Female,10453,2154,61,7.6,7.1,74,Running,56,0.8,55,General Fitness
FT0671,21-02-2026,58,Male,4576,2197,103,4.4,8.3,72,Yoga,69,3.5,51,Weight Loss
FT0729,21-02-2026,38,Male,7512,2073,57,5.8,6.6,66,Running,48,3,64,General Fitness
FT0754,21-02-2026,58,Male,10642,2359,57,7.8,6.7,78,Running,56,2,67,Muscle Gain
FT0807,21-02-2026,41,Female,5422,2367,108,4.5,8,83,Gym,104,1.6,30,Endurance
FT1306,21-02-2026,46,Female,10151,2266,57,8.9,5.1,65,Running,51,2.7,19,Weight Loss
FT1378,21-02-2026,50,Female,9362,2366,66,7.7,6.4,90,Walking,74,2.1,52,Weight Loss
FT1480,21-02-2026,35,Male,8063,1857,40,5.8,7.3,77,Cycling,44,1.7,65,Weight Loss
FT1666,21-02-2026,35,Male,10206,2124,62,7.5,6.4,66,Walking,45,2.2,35,General Fitness
FT1701,21-02-2026,29,Male,8002,2013,53,6.2,8,74,Walking,57,1.2,48,Flexibility
FT1825,21-02-2026,51,Female,7705,2001,53,4.2,7,70,Cycling,44,2,46,Weight Loss
FT1836,21-02-2026,23,Female,6644,2192,81,5.3,6.7,75,Cycling,93,2.1,38,Endurance
FT2119,21-02-2026,41,Female,7471,1998,62,5.9,6.4,79,Walking,69,2.4,45,Weight Loss
FT2123,21-02-2026,43,Male,10868,2283,70,10.1,8.5,78,Gym,74,1.7,51,General Fitness
FT2150,21-02-2026,54,Female,9905,2360,24,7.8,8.4,80,Running,19,2.1,42,Muscle Gain
FT0012,22-02-2026,59,Female,10608,2032,52,9.2,10,75,Yoga,62,2.7,40,Weight Loss
FT0138,22-02-2026,19,Female,9845,2376,60,7,6.4,83,Running,49,3.2,40,General Fitness
FT0151,22-02-2026,54,Female,9483,1989,21,6.3,6.8,80,Gym,25,3.1,43,General Fitness
FT0176,22-02-2026,37,Female,9709,2181,41,6.3,7.2,69,Running,34,1.3,59,Weight Loss
FT0262,22-02-2026,25,Female,8082,2028,90,6.4,8.2,64,Cycling,87,2.8,45,Weight Loss
FT0852,22-02-2026,52,Female,8150,2380,73,6.6,6.5,66,Cycling,62,2.9,36,Endurance
FT1381,22-02-2026,60,Female,8660,2194,75,7,6,76,Yoga,57,2.6,45,General Fitness
FT1621,22-02-2026,29,Female,9072,2429,63,7.4,8,76,Running,60,2.2,57,Muscle Gain
FT1871,22-02-2026,19,Female,2782,1890,48,1.6,6.7,80,Gym,40,3.4,41,Endurance
FT1890,22-02-2026,37,Male,10476,2431,80,7.8,7.4,63,Cycling,66,1.6,55,General Fitness
FT1904,22-02-2026,28,Male,13540,2300,51,10.5,8,72,Running,34,1.8,50,General Fitness
FT1960,22-02-2026,26,Female,7133,1848,31,6.5,6.2,60,Walking,27,2.8,42,Weight Loss
FT0165,23-02-2026,35,Male,3059,1916,80,3.8,7,80,Gym,57,1.8,50,Weight Loss
FT0462,23-02-2026,24,Male,8633,2495,94,7.3,6.7,76,Running,77,2.3,44,General Fitness
FT0654,23-02-2026,52,Male,7887,2238,99,6.8,6.4,76,Gym,78,0.8,65,Muscle Gain
FT0901,23-02-2026,18,Male,14414,2699,82,11.4,8.2,78,Walking,78,1.6,40,General Fitness
FT1265,23-02-2026,28,Male,8317,1779,36,6.8,8.2,78,Walking,40,2.6,46,Endurance
FT1449,23-02-2026,49,Female,5588,2273,66,4.7,9,75,Gym,70,2.4,39,Flexibility
FT1521,23-02-2026,55,Male,9677,2005,39,6.5,5.3,78,Gym,30,3.1,60,Endurance
FT1843,23-02-2026,53,Male,5894,2011,56,3.8,7.3,87,Running,40,3.3,48,General Fitness
FT1903,23-02-2026,48,Female,6661,2080,31,4.6,7.3,69,Walking,43,1.9,61,Flexibility
FT0038,24-02-2026,53,Female,9332,2350,72,7.2,7.3,84,Gym,64,2.8,56,Flexibility
FT0070,24-02-2026,38,Female,10528,2459,32,9,7.7,73,Running,33,2.9,58,Weight Loss
FT0170,24-02-2026,18,Female,8665,1856,10,5.8,7.3,68,Yoga,10,2.8,43,Flexibility
FT0212,24-02-2026,48,Male,6541,2128,46,5.5,7.7,81,Gym,44,2,51,Flexibility
FT0243,24-02-2026,22,Female,6879,1773,10,5,6.9,65,Gym,11,2,39,Flexibility
FT0257,24-02-2026,47,Male,13028,2592,75,11.9,6.3,82,Running,51,2.3,51,Weight Loss
FT0394,24-02-2026,43,Male,7077,1950,62,6.2,5.3,70,Cycling,59,3.3,49,Weight Loss
FT0500,24-02-2026,36,Female,8273,1989,27,6.2,6.9,69,Walking,20,1.6,44,General Fitness
FT0530,24-02-2026,57,Female,7760,2270,41,5.4,8.8,69,Cycling,39,1.4,39,Flexibility
FT0695,24-02-2026,21,Male,9410,2157,44,7.5,4.5,72,Walking,24,1.2,42,General Fitness
FT0849,24-02-2026,53,Female,8337,2200,70,6.3,6.1,81,Running,53,1.3,54,General Fitness
FT0877,24-02-2026,41,Female,8606,2314,81,5.9,6.8,66,Cycling,103,2.1,48,General Fitness
FT1064,24-02-2026,48,Female,9291,2099,36,6.7,6.2,71,Yoga,44,2.2,66,General Fitness
FT1066,24-02-2026,34,Female,9546,2152,57,8.5,4.5,81,Walking,53,1.6,18,Muscle Gain
FT1175,24-02-2026,18,Male,12545,2551,84,9,7.6,76,Running,67,2.6,35,Weight Loss
FT1244,24-02-2026,39,Female,9171,2386,57,7.5,7.4,82,Running,58,1.4,46,General Fitness
FT1364,24-02-2026,26,Male,11649,2222,24,9.5,7.9,73,Walking,15,1.6,40,General Fitness
FT1845,24-02-2026,49,Female,8220,2330,56,6.1,5.9,84,Running,56,3.1,47,Weight Loss
FT1868,24-02-2026,50,Female,10007,2391,66,8.9,4.3,80,Gym,64,1.1,38,Weight Loss
FT1869,24-02-2026,19,Male,5921,1795,10,3,7.4,81,Walking,19,3,29,Flexibility
FT0109,25-02-2026,38,Female,6981,2081,82,5.1,5.8,71,Cycling,74,2.4,29,Weight Loss
FT0411,25-02-2026,25,Female,6613,2146,51,6,4,76,Gym,49,2.3,54,Muscle Gain
FT0763,25-02-2026,58,Male,7857,2241,55,4.8,6.7,79,Walking,46,1.6,28,General Fitness
FT0839,25-02-2026,18,Female,10248,2185,80,7,7.5,79,Gym,80,1.2,50,General Fitness
FT0930,25-02-2026,42,Male,7400,1940,45,5.1,6.8,77,Walking,33,2.3,52,General Fitness
FT1052,25-02-2026,33,Female,7797,2082,13,6,8.8,66,Walking,26,2.5,47,General Fitness
FT1508,25-02-2026,38,Female,4517,1931,70,4.1,8.1,72,Cycling,48,1.5,40,General Fitness
FT1568,25-02-2026,43,Female,6156,2207,77,5.6,7.8,70,Walking,58,2,51,General Fitness
FT1618,25-02-2026,39,Male,6992,1862,61,5,9.2,70,Cycling,52,4,59,Endurance
FT1633,25-02-2026,21,Male,9185,2324,90,6.2,10,76,Gym,60,1.5,33,General Fitness
FT1642,25-02-2026,20,Male,8219,2000,18,6.8,6.6,67,Walking,20,2.7,56,Muscle Gain
FT2014,25-02-2026,57,Male,9562,2482,122,6.9,7.3,72,Cycling,84,2.4,40,Weight Loss
FT2132,25-02-2026,59,Female,9484,2342,79,7.4,4.8,80,Running,71,3,42,General Fitness
FT0760,26-02-2026,49,Female,9573,2490,137,7.1,8.4,80,Gym,111,2.7,45,Weight Loss
FT0819,26-02-2026,46,Male,10795,2470,30,7.2,7.8,70,Running,45,1.6,41,General Fitness
FT0966,26-02-2026,43,Male,10737,2468,86,7.9,7.5,83,Cycling,87,4.5,66,Weight Loss
FT1256,26-02-2026,21,Male,6578,1650,32,4.6,8.3,65,Gym,30,2,62,Weight Loss
FT1348,26-02-2026,48,Female,11084,2259,63,8.4,7.8,71,Walking,59,2.8,49,General Fitness
FT1704,26-02-2026,26,Male,9138,2205,39,7.2,7,72,Walking,44,2.3,42,Weight Loss
FT2022,26-02-2026,46,Female,5281,1894,55,3.8,8.3,74,Cycling,55,1.5,41,Weight Loss
FT0050,27-02-2026,51,Male,8625,2408,63,7,7.9,78,Running,57,2.6,65,Muscle Gain
FT0174,27-02-2026,49,Male,12600,2692,105,9.1,8.4,79,Running,77,2.9,49,Endurance
FT0456,27-02-2026,41,Male,8178,2102,80,5.9,8.5,79,Running,64,2.2,38,Endurance
FT0531,27-02-2026,43,Female,9284,2310,79,7,7.8,85,Running,87,3,60,General Fitness
FT0552,27-02-2026,34,Female,5255,2141,104,5.1,7.5,74,Walking,75,1.6,42,Weight Loss
FT1152,27-02-2026,39,Male,7840,2122,61,5.2,7.1,76,Yoga,59,2,38,Weight Loss
FT1382,27-02-2026,30,Female,7766,1889,63,6.6,5.8,73,Walking,58,1.9,53,Endurance
FT1628,27-02-2026,43,Female,5932,2112,70,4.2,6.4,90,Running,65,3.2,32,Flexibility
FT2026,27-02-2026,38,Female,6295,1878,32,5.1,7.3,78,Walking,39,1.9,33,Weight Loss
FT2086,27-02-2026,46,Female,6349,2050,74,3.5,7.3,79,Gym,59,1.4,60,Endurance
FT0312,28-02-2026,46,Male,6913,2283,40,4.8,6.6,77,Running,37,3,78,Endurance
FT1017,28-02-2026,34,Female,8285,1946,18,5.8,7.2,55,Yoga,10,1.9,35,Endurance
FT1351,28-02-2026,20,Male,4767,2055,79,3.8,5.6,68,Gym,72,2.6,42,General Fitness
FT1361,28-02-2026,21,Male,4823,1994,59,5.1,7.5,70,Gym,59,2.3,50,General Fitness
FT1435,28-02-2026,31,Male,5806,1792,31,4.9,7.7,69,Yoga,27,1.6,58,General Fitness
FT1503,28-02-2026,27,Female,9495,2240,49,6.4,7.3,74,Walking,39,1.7,66,Flexibility
FT1525,28-02-2026,43,Male,6472,2317,103,5.4,6.8,81,Running,82,2.8,44,Weight Loss
FT1763,28-02-2026,18,Female,14266,2073,23,11,8.7,69,Running,21,3.1,52,Muscle Gain
FT0430,01-03-2026,48,Female,9172,2228,97,7.3,6.8,65,Gym,90,3.2,50,Weight Loss
FT0475,01-03-2026,45,Female,10737,1914,32,9.4,7.8,77,Gym,46,2.8,29,Flexibility
FT0516,01-03-2026,22,Female,10884,2525,87,8.9,7.2,72,Running,69,1.8,54,General Fitness
FT0548,01-03-2026,43,Male,7191,2094,73,5.6,8.1,71,Gym,71,2.7,65,Endurance
FT0578,01-03-2026,40,Female,2626,1962,51,2.6,7.9,68,Yoga,48,2,55,General Fitness
FT1057,01-03-2026,37,Female,6849,1968,65,3.6,10,78,Yoga,68,1,24,Muscle Gain
FT1078,01-03-2026,25,Male,9581,1852,59,6.9,6.1,76,Walking,46,2.7,28,Weight Loss
FT1155,01-03-2026,31,Male,8890,2068,39,5.2,5.1,70,Cycling,50,3.3,40,Flexibility
FT1228,01-03-2026,60,Female,9555,2516,123,9.2,7.4,76,Gym,81,2,34,General Fitness
FT1258,01-03-2026,41,Female,8412,2072,35,6.6,9.2,69,Gym,33,2.1,59,Weight Loss
FT1259,01-03-2026,41,Male,7148,2128,45,5.4,7.4,76,Walking,46,2.7,50,Muscle Gain
FT1482,01-03-2026,18,Male,6519,2009,53,5.9,6.4,69,Yoga,49,2,40,General Fitness
FT1864,01-03-2026,33,Male,12500,2308,50,9.4,6.7,90,Running,42,3.2,53,Endurance
FT1929,01-03-2026,25,Male,6642,1932,21,4.9,6.5,67,Walking,33,1.6,53,Endurance
FT0154,02-03-2026,30,Male,8856,2330,73,7.2,8.9,81,Walking,44,2.8,59,Weight Loss
FT0220,02-03-2026,56,Male,9663,2557,77,7.1,8.4,70,Gym,63,3.8,45,Endurance
FT0666,02-03-2026,47,Female,6205,2295,67,4.2,9,68,Walking,56,3.2,32,Endurance
FT0681,02-03-2026,49,Female,12078,2453,93,9.9,7.4,66,Walking,74,2,59,Weight Loss
FT0700,02-03-2026,22,Male,9570,2397,116,6.4,9.3,77,Walking,103,1.7,54,General Fitness
FT0915,02-03-2026,43,Female,6093,2249,66,5.2,6.8,57,Cycling,56,2.1,59,Flexibility
FT0957,02-03-2026,35,Male,8403,2210,70,5.4,8.3,59,Walking,59,2.8,39,Muscle Gain
FT1026,02-03-2026,20,Female,5941,2009,90,4.1,5,88,Cycling,66,0.8,51,Endurance
FT1367,02-03-2026,30,Male,5592,2027,43,5.3,7.5,80,Gym,43,2.3,51,Muscle Gain
FT1489,02-03-2026,22,Female,5181,2200,72,3.3,7.9,78,Walking,74,1.4,56,Weight Loss
FT1747,02-03-2026,60,Female,4940,1691,26,3.5,7,83,Walking,10,1.9,41,Muscle Gain
FT1754,02-03-2026,34,Female,7078,2335,76,5,8.1,74,Walking,62,1.2,71,Endurance
FT1959,02-03-2026,46,Female,14237,2493,47,10.9,5.7,70,Running,29,0.8,51,Weight Loss
FT2098,02-03-2026,55,Female,9408,2261,39,7.2,7.9,75,Running,37,3.5,33,Weight Loss
FT2191,02-03-2026,33,Female,8257,2514,89,5.6,6.7,75,Running,82,1.8,51,General Fitness
FT0239,03-03-2026,31,Male,6446,1781,18,5.7,10,75,Walking,29,1.7,59,Weight Loss
FT0539,03-03-2026,41,Female,8127,2320,72,6.6,6.5,64,Gym,81,3.2,38,Muscle Gain
FT0664,03-03-2026,26,Female,7264,2027,53,6.3,7.3,71,Walking,39,2.8,41,Flexibility
FT1045,03-03-2026,48,Female,7401,2010,17,5,5,80,Gym,10,1.4,47,General Fitness
FT1139,03-03-2026,49,Female,7557,2084,52,5.5,6.1,77,Running,49,2.1,59,General Fitness
FT1276,03-03-2026,48,Female,5873,2125,50,4.4,8.1,66,Walking,56,2.7,61,General Fitness
FT1356,03-03-2026,39,Male,11546,1857,31,8.9,7.1,73,Gym,60,0.9,47,Muscle Gain
FT1411,03-03-2026,20,Female,10925,2500,100,9.3,6.4,75,Gym,70,3.4,42,General Fitness
FT1440,03-03-2026,59,Female,8205,1950,35,5.4,7.7,84,Cycling,56,1.3,47,Flexibility
FT1524,03-03-2026,24,Male,7894,2148,81,7.5,9.1,82,Gym,61,2.6,60,Muscle Gain
FT1615,03-03-2026,20,Male,10555,2444,54,7.8,6.2,82,Running,48,2.9,54,General Fitness
FT1695,03-03-2026,24,Male,3555,1827,68,1.8,7.3,70,Cycling,62,1.8,60,Weight Loss
FT1833,03-03-2026,43,Male,6189,1875,23,4.4,5.4,73,Walking,12,2,54,Flexibility
FT1955,03-03-2026,59,Male,6749,2197,80,4.9,7.5,87,Gym,56,1.8,42,Muscle Gain
FT2043,03-03-2026,50,Male,4925,2185,124,4.1,7.3,81,Gym,105,2.2,47,General Fitness
FT2077,03-03-2026,37,Male,7916,2192,76,5.7,5,78,Walking,59,2.7,57,Weight Loss
FT2159,03-03-2026,52,Male,6528,1749,55,4.9,4.4,79,Walking,50,2.2,44,Flexibility
FT0619,04-03-2026,20,Male,10037,2580,130,7.9,7.3,80,Cycling,97,2.2,37,Weight Loss
FT0644,04-03-2026,38,Male,10254,2278,49,7.3,6.8,73,Cycling,41,2.5,49,Muscle Gain
FT0998,04-03-2026,33,Female,9412,2061,30,6.2,8.5,68,Cycling,42,3.1,40,Weight Loss
FT1102,04-03-2026,38,Male,4048,2087,78,2.1,6.6,79,Gym,64,2.3,32,General Fitness
FT1108,04-03-2026,57,Female,8548,2446,59,6.7,6.9,78,Running,63,2.9,63,Weight Loss
FT1167,04-03-2026,18,Male,7232,2051,39,4.3,5.8,70,Walking,59,3.6,61,General Fitness
FT1224,04-03-2026,46,Female,7206,2378,117,6.1,7.3,73,Gym,90,2.8,62,Endurance
FT1575,04-03-2026,24,Male,9695,2220,56,7.2,7.3,77,Cycling,44,2.2,54,General Fitness
FT1660,04-03-2026,28,Male,7865,2443,121,6.4,5.7,80,Gym,105,2,62,Weight Loss
FT1725,04-03-2026,40,Male,8005,2315,99,5.3,8,87,Cycling,84,1.9,34,General Fitness
FT1925,04-03-2026,33,Female,8485,2733,124,6.3,7.5,82,Running,97,2.7,67,Endurance
FT0259,05-03-2026,25,Male,11291,2283,77,8.5,6.3,61,Cycling,105,1.1,37,General Fitness
FT0449,05-03-2026,40,Female,6208,2053,27,5.7,7.8,55,Running,31,2.2,44,General Fitness
FT0478,05-03-2026,18,Male,10019,2187,49,7.1,7.2,77,Walking,55,2.7,23,General Fitness
FT0600,05-03-2026,45,Male,7480,2307,64,6.4,7.1,71,Walking,41,1.1,56,Weight Loss
FT0635,05-03-2026,25,Male,6014,2266,67,4.3,7.9,78,Running,62,1.8,33,General Fitness
FT0934,05-03-2026,45,Female,4000,1971,79,3.5,7.6,73,Gym,60,2.9,35,Muscle Gain
FT1345,05-03-2026,26,Female,8424,1997,52,6,8.4,84,Walking,59,2.6,33,Endurance
FT1797,05-03-2026,59,Male,11461,2717,119,9.4,8.1,70,Gym,92,2.1,69,Muscle Gain
FT2018,05-03-2026,49,Male,4805,1769,28,4.2,7.6,74,Yoga,27,1.5,42,Weight Loss
FT0088,06-03-2026,31,Male,8572,1971,31,6.5,6.4,66,Yoga,24,3.1,68,Weight Loss
FT0659,06-03-2026,21,Male,11301,2369,60,7.5,9.2,70,Walking,46,2.1,75,Muscle Gain
FT0721,06-03-2026,23,Male,6810,2065,76,4.1,6.7,65,Walking,52,2.5,64,General Fitness
FT0743,06-03-2026,45,Female,10949,2063,60,8,5.9,78,Walking,57,1.8,59,General Fitness
FT0816,06-03-2026,53,Female,11500,2340,53,9.5,8.7,90,Walking,57,2.5,42,Weight Loss
FT0830,06-03-2026,19,Female,7705,2144,44,5.2,8.3,66,Yoga,32,2.2,38,Muscle Gain
FT1048,06-03-2026,43,Male,7624,2044,77,7.3,5.8,65,Gym,87,2.3,43,General Fitness
FT1118,06-03-2026,43,Male,10022,2252,51,8.5,6.6,80,Walking,29,0.9,49,Weight Loss
FT1136,06-03-2026,20,Male,6740,2106,51,6,6.7,79,Cycling,53,2,45,Weight Loss
FT1138,06-03-2026,33,Female,6531,1852,24,4.9,8.4,69,Walking,21,1.6,65,Muscle Gain
FT1270,06-03-2026,20,Male,6909,2010,58,6,7.6,70,Cycling,51,3.4,51,Muscle Gain
FT1579,06-03-2026,22,Male,12887,2457,54,9.9,6.5,74,Running,56,2.5,52,Weight Loss
FT1791,06-03-2026,43,Female,9709,1914,58,7.5,7.2,82,Running,47,2.8,68,Weight Loss
FT1793,06-03-2026,32,Male,10625,2263,25,8,6.2,72,Running,28,2.1,46,Endurance
FT1828,06-03-2026,60,Male,9678,1950,41,8.1,9.8,80,Walking,31,3.2,78,Muscle Gain
FT2024,06-03-2026,43,Female,9102,2197,86,5.4,7.5,69,Walking,80,2.7,49,General Fitness
FT0056,07-03-2026,19,Female,11113,2414,81,8.5,7.5,86,Running,56,2.2,45,Weight Loss
FT0454,07-03-2026,19,Female,9727,2415,87,8.7,8.1,70,Gym,85,3.1,42,Flexibility
FT0682,07-03-2026,23,Male,8798,2292,69,7.1,8.2,76,Running,56,1.3,50,General Fitness
FT0899,07-03-2026,21,Male,3640,1647,27,1.8,5.9,74,Walking,38,2.7,51,Weight Loss
FT0904,07-03-2026,56,Male,9662,2111,64,7.4,6.9,72,Cycling,67,3.2,36,General Fitness
FT1104,07-03-2026,24,Female,7800,1872,10,6.2,7.7,72,Walking,10,2.5,27,Endurance
FT1541,07-03-2026,38,Male,12190,2185,75,9.8,7.6,75,Gym,60,1.5,32,Weight Loss
FT1767,07-03-2026,39,Female,8984,2274,79,7.7,7.7,67,Cycling,69,1.1,45,Weight Loss
FT0111,08-03-2026,29,Male,11076,2072,26,9.1,7,73,Cycling,26,1.8,32,General Fitness
FT0882,08-03-2026,54,Female,8361,2289,41,6.7,6.1,70,Walking,42,3,42,General Fitness
FT1013,08-03-2026,28,Female,12256,2198,65,10.4,8,81,Walking,73,2.6,42,General Fitness
FT1586,08-03-2026,31,Male,6187,2196,49,4.6,4.7,69,Gym,54,2.5,38,Weight Loss
FT0180,09-03-2026,39,Male,9277,1906,19,8.5,8.6,76,Cycling,22,1.7,41,Weight Loss
FT0187,09-03-2026,25,Female,5279,2008,43,5.2,7.7,72,Cycling,24,2.4,31,Endurance
FT0422,09-03-2026,47,Male,6014,1589,44,4.5,7.1,72,Cycling,51,3.1,45,Weight Loss
FT0569,09-03-2026,45,Female,4985,2438,106,3,8.2,76,Cycling,84,2.5,63,Weight Loss
FT0712,09-03-2026,40,Female,5647,2227,79,3.5,6.2,78,Walking,62,2.4,43,Endurance
FT0805,09-03-2026,49,Male,7472,1800,46,4.5,6.9,70,Yoga,31,2.3,49,Weight Loss
FT0872,09-03-2026,26,Male,10957,2328,90,9,8.3,84,Gym,80,3.1,53,Muscle Gain
FT1667,09-03-2026,50,Female,6285,2255,61,4.3,6.3,75,Running,63,1.7,61,Muscle Gain
FT1831,09-03-2026,33,Male,9155,2450,83,6.8,7.9,79,Running,73,1.8,30,Weight Loss
FT1867,09-03-2026,22,Female,8392,2039,59,5.3,7.7,81,Running,64,0.8,45,Endurance
FT0110,10-03-2026,48,Female,7935,2238,65,5.5,9.4,67,Walking,46,2.9,35,Muscle Gain
FT0219,10-03-2026,37,Male,8458,2125,43,7.1,6.1,70,Cycling,32,3.3,59,General Fitness
FT0301,10-03-2026,33,Female,8362,2183,64,6.6,8.7,90,Running,49,2.3,62,General Fitness
FT0365,10-03-2026,22,Male,9289,2163,55,7.7,4.6,75,Walking,55,2.2,55,Muscle Gain
FT0375,10-03-2026,56,Female,4548,2077,69,3.2,5.6,81,Gym,67,2.9,55,General Fitness
FT0614,10-03-2026,34,Male,8661,2596,116,6.1,7.7,85,Running,95,1.6,45,Weight Loss
FT0665,10-03-2026,43,Female,10142,2385,56,9.3,5.8,84,Running,65,2.1,56,Endurance
FT0670,10-03-2026,23,Male,5077,2097,76,4.2,8.5,76,Walking,56,2.2,48,Weight Loss
FT1143,10-03-2026,58,Female,4643,1892,77,3.9,7.4,85,Gym,91,3.2,36,Muscle Gain
FT1292,10-03-2026,54,Male,7490,2508,130,5.1,5.6,92,Running,101,2.7,65,General Fitness
FT1398,10-03-2026,46,Female,10088,2246,72,7.3,8.8,87,Running,66,1.9,29,Weight Loss
FT1488,10-03-2026,18,Female,7677,2223,79,6.8,8.3,68,Gym,84,1.7,49,Weight Loss
FT1800,10-03-2026,40,Female,6981,2291,76,4.4,7.3,74,Gym,61,2,49,Weight Loss
FT2042,10-03-2026,56,Female,4225,2246,94,2.5,7.5,74,Walking,74,2.6,34,Muscle Gain
FT2064,10-03-2026,48,Male,9666,1944,22,7.9,6.4,71,Yoga,24,4,66,General Fitness
FT2193,10-03-2026,30,Male,4838,1594,23,5,5.1,68,Walking,24,2.7,66,General Fitness
FT0062,11-03-2026,50,Male,7029,2396,104,5.6,7.6,76,Running,79,1.3,72,Weight Loss
FT0185,11-03-2026,39,Male,8737,2221,59,7.8,6.1,69,Gym,70,2,61,Weight Loss
FT0477,11-03-2026,54,Male,7623,2436,112,6.1,6.3,64,Gym,86,3.3,52,General Fitness
FT0505,11-03-2026,29,Female,6541,2090,57,4.6,7,74,Walking,76,2.2,34,Endurance
FT0651,11-03-2026,39,Male,10289,2521,100,7.5,9.3,75,Running,96,1.5,50,Muscle Gain
FT0969,11-03-2026,57,Female,5928,2088,65,5.2,4.5,71,Gym,49,1.8,52,Muscle Gain
FT1035,11-03-2026,20,Female,7177,1860,53,5.7,6.9,73,Gym,39,3,29,General Fitness
FT1423,11-03-2026,43,Female,11934,2496,74,9.1,9.4,75,Walking,66,2.3,55,General Fitness
FT1878,11-03-2026,56,Male,5865,1621,58,3.2,7.1,72,Walking,57,2.3,51,General Fitness
FT0337,12-03-2026,59,Female,6026,1944,34,3.7,7.5,78,Gym,15,2,63,General Fitness
FT0761,12-03-2026,25,Male,4313,1960,89,3.9,8.1,59,Yoga,73,1.6,63,Weight Loss
FT0845,12-03-2026,18,Male,7611,2134,74,4.8,8.3,71,Running,56,1.7,64,General Fitness
FT0960,12-03-2026,35,Female,7378,2143,77,4.1,6.1,67,Walking,54,2.6,40,Muscle Gain
FT1137,12-03-2026,49,Female,8536,2053,54,6,6.7,85,Gym,55,1.8,52,General Fitness
FT1157,12-03-2026,23,Male,2974,1768,34,2.7,6.5,81,Walking,24,2.3,51,Flexibility
FT1396,12-03-2026,43,Male,11814,2379,93,8.5,6.6,81,Cycling,70,3.3,42,Endurance
FT1651,12-03-2026,26,Female,9511,2043,13,7.1,8.3,76,Walking,30,1.6,47,Flexibility
FT2118,12-03-2026,41,Female,4603,1757,57,4.3,7.9,85,Yoga,52,1.3,59,Muscle Gain
FT0683,13-03-2026,59,Female,9453,2199,81,7,6.9,82,Cycling,66,2.8,38,Muscle Gain
FT0778,13-03-2026,23,Female,6753,2315,76,5.2,8.2,74,Cycling,68,1,53,Weight Loss
FT0924,13-03-2026,24,Female,5272,2193,88,4.8,6,67,Walking,68,1.9,44,Weight Loss
FT1250,13-03-2026,60,Female,11980,2495,54,9.7,6.3,77,Running,54,1.4,42,Muscle Gain
FT1401,13-03-2026,54,Female,6846,1731,21,4.8,6.4,70,Yoga,17,1.2,50,General Fitness
FT1405,13-03-2026,25,Female,7701,2085,63,7,7.6,78,Walking,52,3.1,54,Muscle Gain
FT1593,13-03-2026,34,Male,9631,2132,62,7.4,7.1,82,Running,69,2.2,44,General Fitness
FT1627,13-03-2026,42,Male,8888,1881,27,7.2,5.3,62,Walking,27,3.1,36,Endurance
FT1779,13-03-2026,31,Male,10284,2550,66,8.1,9.1,71,Running,68,1.6,71,General Fitness
FT1900,13-03-2026,32,Female,5032,2057,81,3.5,7.1,81,Cycling,66,2.9,42,Endurance
FT1920,13-03-2026,40,Female,7494,1923,15,6.1,7.3,61,Walking,11,1.8,33,General Fitness
FT1936,13-03-2026,25,Male,6566,1951,64,4.2,6.9,81,Cycling,62,1.6,42,General Fitness
FT2112,13-03-2026,47,Male,6876,2067,43,5,7.3,68,Gym,51,1.7,35,Muscle Gain
FT2151,13-03-2026,32,Male,8899,2052,72,6.1,8.3,68,Walking,64,2.8,50,Muscle Gain
FT0047,14-03-2026,37,Male,5157,2002,79,4.8,7.5,76,Gym,93,2.1,42,Weight Loss
FT0234,14-03-2026,50,Male,7446,2010,32,6.5,7.7,62,Walking,23,2.3,57,Weight Loss
FT0346,14-03-2026,29,Male,9876,2209,91,8.8,7.5,70,Gym,78,1.2,23,Endurance
FT0524,14-03-2026,53,Female,9110,2071,42,7.2,8.8,76,Walking,44,2.9,41,Muscle Gain
FT0588,14-03-2026,22,Female,6841,2159,70,5,7.8,76,Gym,55,1.2,38,Weight Loss
FT0649,14-03-2026,59,Female,4113,1944,70,3.2,8.5,68,Gym,54,1.7,50,Weight Loss
FT0765,14-03-2026,33,Male,3522,2037,63,2.3,8,75,Walking,46,2.3,72,General Fitness
FT0766,14-03-2026,51,Male,7413,2134,42,5.9,8.3,75,Gym,35,2.5,65,General Fitness
FT0791,14-03-2026,22,Female,6897,1950,33,6,6.6,73,Walking,38,4,60,General Fitness
FT1075,14-03-2026,38,Female,8083,2226,66,6.3,7.9,63,Cycling,74,1.9,31,Endurance
FT1125,14-03-2026,54,Male,9923,2160,62,8,7.7,68,Cycling,56,2.2,50,General Fitness
FT1341,14-03-2026,40,Male,6258,2035,65,5.7,8.5,68,Walking,58,2.4,52,Endurance
FT1413,14-03-2026,28,Female,5779,2261,124,4.3,7.6,86,Cycling,89,1.7,31,Weight Loss
FT1485,14-03-2026,35,Female,10862,1987,19,8,6.5,74,Yoga,25,1.8,48,Weight Loss
FT1571,14-03-2026,21,Male,9756,2498,88,7,5.8,87,Running,67,3,38,Weight Loss
FT1685,14-03-2026,33,Female,7794,2473,95,6,7.4,83,Running,76,1.3,36,Flexibility
FT1721,14-03-2026,21,Female,6252,1808,10,5.3,6.9,76,Yoga,10,3,44,General Fitness
FT0316,15-03-2026,46,Male,8962,1793,41,7,6.4,76,Gym,38,2,41,Weight Loss
FT0370,15-03-2026,51,Female,9325,2168,82,8.3,8.4,69,Cycling,78,2.1,47,General Fitness
FT0487,15-03-2026,32,Female,10162,2188,61,8,6.7,83,Yoga,68,3.8,48,Endurance
FT0592,15-03-2026,56,Male,12106,2461,104,8.1,7.3,81,Cycling,107,2.8,46,Endurance
FT0621,15-03-2026,36,Female,7241,2046,40,5.9,6.3,68,Walking,37,2.9,48,General Fitness
FT0913,15-03-2026,34,Female,6311,2108,86,5.7,8.5,78,Running,86,1.9,48,Endurance
FT1106,15-03-2026,25,Male,6957,1911,46,5.5,8.1,68,Cycling,36,3.2,54,Weight Loss
FT1262,15-03-2026,57,Female,8063,2046,34,6.2,8.5,73,Walking,25,1.9,35,General Fitness
FT1344,15-03-2026,42,Male,6981,1883,43,4.5,7.8,83,Walking,59,1.2,45,Endurance
FT1577,15-03-2026,41,Female,9510,2250,64,7.4,9,77,Walking,53,1.8,55,Weight Loss
FT1588,15-03-2026,21,Male,2754,1778,55,0.9,8.9,75,Gym,51,2.9,65,Endurance
FT1680,15-03-2026,40,Female,8497,2224,79,5.2,8.8,76,Yoga,53,1.5,47,Weight Loss
FT1758,15-03-2026,44,Female,8140,2143,55,4.8,7.8,74,Cycling,52,1.4,50,General Fitness
FT1814,15-03-2026,39,Male,6100,2188,45,4.6,6.4,80,Yoga,45,2.9,57,Flexibility
FT2075,15-03-2026,47,Male,10720,2334,77,8.3,8.2,70,Cycling,82,1.5,40,Endurance
FT2113,15-03-2026,57,Male,9710,2086,31,7.3,4.4,73,Running,26,2.5,32,Weight Loss
FT0268,16-03-2026,32,Female,8135,2183,66,6.2,7.2,84,Running,60,2.3,37,General Fitness
FT0304,16-03-2026,56,Female,4444,1926,20,1.9,6.5,71,Walking,40,2.3,47,Weight Loss
FT0436,16-03-2026,23,Female,6219,2056,41,6.1,8.4,80,Yoga,36,1.8,48,Weight Loss
FT0968,16-03-2026,31,Male,7187,2317,123,5.6,5.9,80,Gym,83,1.7,50,General Fitness
FT1141,16-03-2026,55,Female,7611,2051,44,4.7,7,65,Walking,50,3.3,63,Weight Loss
FT1355,16-03-2026,27,Male,8551,2187,43,5.4,9.5,84,Running,50,2.2,55,General Fitness
FT1403,16-03-2026,30,Male,11273,2735,110,8.7,7.2,77,Running,93,1.1,35,General Fitness
FT1444,16-03-2026,36,Female,7866,2153,52,6.1,6.8,79,Running,52,2.7,56,Flexibility
FT1518,16-03-2026,20,Male,5893,2189,39,4.5,7.4,66,Cycling,39,2.1,36,Muscle Gain
FT1587,16-03-2026,53,Female,7499,2090,69,6.6,5.5,72,Walking,74,2.3,44,Weight Loss
FT1626,16-03-2026,60,Male,9160,2670,119,7.4,6.4,78,Running,103,2.3,55,General Fitness
FT1673,16-03-2026,29,Male,9296,2263,48,7.3,5.9,76,Running,50,2.7,42,Flexibility
FT1813,16-03-2026,46,Male,8966,2387,94,6.8,7.3,77,Gym,80,2.7,57,Flexibility
FT2101,16-03-2026,57,Male,6375,2635,141,5.2,9.5,75,Gym,120,2.1,64,General Fitness
FT0135,17-03-2026,52,Female,5327,1538,33,5.1,6.5,67,Walking,25,2.9,51,Flexibility
FT0162,17-03-2026,46,Female,8450,2397,117,5.6,7.3,78,Gym,96,3.1,61,Weight Loss
FT0317,17-03-2026,49,Male,7118,2272,91,5.6,5.7,77,Running,72,2.2,52,Weight Loss
FT0728,17-03-2026,21,Female,7418,2072,75,5.7,7.7,74,Cycling,85,0.9,58,Weight Loss
FT0902,17-03-2026,19,Female,7442,2156,51,5.6,5,68,Gym,70,2.6,36,General Fitness
FT0993,17-03-2026,26,Male,7172,1827,36,6,5.4,74,Walking,30,1.9,42,General Fitness
FT1021,17-03-2026,20,Female,7679,1919,60,6.5,6.5,77,Gym,62,1.3,67,General Fitness
FT1183,17-03-2026,47,Female,7835,2252,78,6,5.1,83,Gym,56,1.7,59,General Fitness
FT1713,17-03-2026,55,Male,7717,2038,48,6.4,6.7,64,Walking,51,2.3,33,Endurance
FT1751,17-03-2026,58,Female,8638,1896,37,6.3,7.9,82,Walking,38,2.8,38,Muscle Gain
FT1910,17-03-2026,58,Male,10523,2392,45,8.1,6.1,73,Walking,47,2.7,47,Weight Loss
FT2052,17-03-2026,31,Male,8134,2164,69,5.6,7.1,71,Gym,64,2.1,57,Flexibility
FT0189,18-03-2026,28,Female,13127,2377,39,10,7,70,Walking,29,2.2,59,Flexibility
FT0209,18-03-2026,29,Female,8730,2088,51,7.7,7.9,77,Gym,62,1.3,20,Weight Loss
FT0275,18-03-2026,35,Male,7223,2211,64,4.9,7.4,73,Running,68,3.2,53,General Fitness
FT0575,18-03-2026,18,Male,5534,1893,31,5.1,7.6,62,Yoga,35,2.2,45,General Fitness
FT0718,18-03-2026,39,Female,9460,1994,52,6.6,5.1,85,Running,56,2.8,41,Endurance
FT0771,18-03-2026,46,Female,8910,2065,36,6.5,9,62,Running,48,2.8,31,Weight Loss
FT1061,18-03-2026,51,Female,11131,2279,79,9.5,8.8,88,Walking,69,1.9,58,General Fitness
FT1112,18-03-2026,28,Female,9291,2413,111,6.9,9.1,78,Walking,94,2.4,61,Weight Loss
FT1198,18-03-2026,60,Female,7519,1960,36,4.3,6.6,73,Running,51,2.2,71,Muscle Gain
FT1326,18-03-2026,26,Male,7417,2173,77,6.7,7.6,77,Cycling,61,3.1,33,Endurance
FT1510,18-03-2026,47,Female,9770,2059,56,6.7,5.5,81,Cycling,57,2.4,51,Muscle Gain
FT1581,18-03-2026,30,Male,9383,2233,73,7,6.2,77,Walking,56,3,71,Flexibility
FT1602,18-03-2026,49,Male,12033,2473,109,9,7.1,71,Running,107,2.2,70,Flexibility
FT2093,18-03-2026,52,Male,8335,1981,49,7.5,7,70,Yoga,45,2.6,37,Flexibility
FT2115,18-03-2026,49,Female,9721,1803,11,8.1,6.8,72,Gym,25,2.2,61,General Fitness
FT0263,19-03-2026,30,Male,2465,1919,29,0.8,6.4,62,Yoga,16,2.5,40,General Fitness
FT0382,19-03-2026,58,Female,6068,2023,53,3.5,8.3,72,Walking,40,1.7,55,Muscle Gain
FT0423,19-03-2026,50,Male,8523,2175,35,6.9,5.7,77,Gym,56,3.7,61,Muscle Gain
FT0559,19-03-2026,52,Female,6247,2035,81,4.1,7.6,73,Gym,62,1.8,41,Flexibility
FT0745,19-03-2026,52,Female,6631,1815,10,5.7,7.3,74,Running,11,2.1,62,Flexibility
FT0804,19-03-2026,57,Female,7388,2084,39,6.8,9.6,83,Running,24,2.7,53,Muscle Gain
FT0842,19-03-2026,46,Female,9698,2739,99,6.9,4.7,83,Cycling,76,2.6,48,Endurance
FT0987,19-03-2026,44,Female,5635,1963,29,4.8,7,71,Yoga,30,2.1,62,Weight Loss
FT1515,19-03-2026,28,Female,6836,2104,48,4.3,8.8,79,Running,48,1.9,42,Endurance
FT1592,19-03-2026,32,Female,12061,2653,92,10.9,7,74,Running,93,2.2,51,Endurance
FT1625,19-03-2026,41,Female,6807,2405,97,6.6,7.1,78,Running,93,2.2,41,Weight Loss
FT1746,19-03-2026,60,Male,6644,1819,50,6,7.9,69,Yoga,53,1.8,45,Muscle Gain
FT0052,20-03-2026,26,Male,9403,2212,38,7.6,8.1,76,Walking,31,2.6,33,Endurance
FT0092,20-03-2026,52,Female,5652,1967,44,4.7,6.8,71,Gym,55,2.8,54,General Fitness
FT0254,20-03-2026,32,Female,8945,2365,82,8.4,7.9,88,Cycling,76,2.8,62,Flexibility
FT0752,20-03-2026,24,Male,7499,2174,60,5.1,6.7,79,Cycling,52,1.7,35,General Fitness
FT0762,20-03-2026,41,Male,9246,2038,92,7.7,7.4,75,Gym,92,1.9,51,Weight Loss
FT0822,20-03-2026,46,Female,6743,2228,82,5.3,8.1,75,Gym,76,2.2,44,Flexibility
FT0890,20-03-2026,29,Female,8324,2102,42,7.2,7,79,Running,33,2.9,56,Endurance
FT1063,20-03-2026,24,Female,8532,2314,89,5,8.2,80,Cycling,68,2.7,69,Muscle Gain
FT1225,20-03-2026,35,Female,7398,2470,97,5.1,8.4,73,Gym,89,1.4,38,Endurance
FT1935,20-03-2026,24,Male,3889,2105,68,1.5,7.7,80,Gym,62,2.4,64,Weight Loss
FT2103,20-03-2026,25,Male,10335,2229,67,7.6,5.8,74,Running,49,1.6,41,Muscle Gain
FT2127,20-03-2026,31,Male,3640,1879,66,2,8.1,72,Yoga,74,2.6,47,Weight Loss
FT2149,20-03-2026,54,Male,8893,2107,76,8.3,6.1,72,Cycling,47,1.3,49,General Fitness
FT2179,20-03-2026,44,Female,9538,2594,113,7.3,8.1,67,Cycling,93,1.9,53,Weight Loss
FT0120,21-03-2026,22,Female,7264,2291,44,6.7,7.3,68,Gym,43,3,64,Weight Loss
FT0225,21-03-2026,49,Female,6596,2044,39,4.3,9.1,72,Cycling,45,2.3,70,General Fitness
FT0551,21-03-2026,52,Female,6471,2184,54,4.3,5,72,Running,44,2.9,58,Muscle Gain
FT0710,21-03-2026,38,Female,8860,2228,67,6.7,6.9,80,Cycling,56,2.6,44,Weight Loss
FT0883,21-03-2026,37,Male,9646,2087,75,7.7,7.5,69,Gym,73,2,37,Muscle Gain
FT0949,21-03-2026,58,Female,7370,1849,31,5.6,6.4,65,Walking,30,2.2,61,Muscle Gain
FT1054,21-03-2026,59,Male,9926,2075,46,7.6,5.2,68,Walking,37,0.9,58,Muscle Gain
FT1114,21-03-2026,30,Female,7756,1900,42,6.2,7.3,71,Walking,22,2,57,Muscle Gain
FT1135,21-03-2026,44,Male,8326,2036,82,6.9,6.7,69,Cycling,74,2.2,40,Muscle Gain
FT1526,21-03-2026,20,Female,6830,2219,62,5.8,6.9,82,Running,51,1.2,63,Flexibility
FT1562,21-03-2026,28,Female,10726,2181,41,9.6,8.7,75,Gym,46,2.3,67,Weight Loss
FT1609,21-03-2026,28,Female,6525,2045,58,5.4,7.6,66,Gym,57,2.1,67,Endurance
FT2140,21-03-2026,35,Female,8532,1991,22,5.8,7.5,67,Walking,23,3.2,55,Endurance
FT0106,22-03-2026,51,Female,9562,2189,82,8.3,6.6,82,Gym,58,2.2,50,Weight Loss
FT0250,22-03-2026,19,Female,9091,2047,56,8.5,6.8,67,Gym,69,2.5,31,Flexibility
FT0437,22-03-2026,42,Male,5777,1916,18,4.2,9.6,68,Walking,14,2.6,58,General Fitness
FT0703,22-03-2026,25,Female,2255,2067,94,1.2,6.3,69,Gym,60,2.4,76,Weight Loss
FT0914,22-03-2026,60,Female,10489,2255,53,7.2,6.2,67,Walking,46,1.4,18,Endurance
FT1117,22-03-2026,60,Female,6485,2340,95,4.2,9.5,78,Cycling,75,2.8,62,General Fitness
FT1205,22-03-2026,45,Female,4204,1889,33,4,6.2,69,Walking,25,2.6,23,General Fitness
FT1391,22-03-2026,31,Male,11903,2241,28,8.7,7.9,86,Running,29,3,48,Weight Loss
FT1443,22-03-2026,58,Female,7793,2250,69,5,6.9,76,Gym,62,2.7,51,Muscle Gain
FT1544,22-03-2026,42,Male,8503,2100,40,7.1,7.9,88,Running,34,2.3,43,Endurance
FT1997,22-03-2026,41,Female,8761,2032,45,6.6,6.5,65,Yoga,35,2,57,General Fitness
FT0305,23-03-2026,41,Female,8204,2058,59,5.3,5.6,86,Yoga,50,3.7,51,Endurance
FT0826,23-03-2026,21,Female,6328,1656,28,4.1,8.1,65,Walking,25,1.5,52,Muscle Gain
FT0945,23-03-2026,23,Male,6582,2354,87,5.8,8,80,Gym,66,2.3,58,Muscle Gain
FT0999,23-03-2026,59,Female,12553,2366,88,9.6,6.9,73,Cycling,72,2.7,47,Flexibility
FT1395,23-03-2026,27,Male,8900,1903,51,6.8,7.3,80,Running,54,2.3,60,Weight Loss
FT1629,23-03-2026,34,Female,5830,1775,42,5.1,9.1,68,Gym,47,3,44,General Fitness
FT1783,23-03-2026,19,Male,10786,2468,55,8.2,7.1,73,Running,51,2.1,47,General Fitness
FT1784,23-03-2026,59,Female,8345,2073,59,6.1,6.4,62,Walking,42,3.6,50,Muscle Gain
FT1992,23-03-2026,36,Male,8914,2252,65,7.4,6,79,Running,35,2.3,36,General Fitness
FT0024,24-03-2026,57,Female,8619,2231,61,6.4,5.6,71,Gym,66,2.6,42,Muscle Gain
FT0080,24-03-2026,46,Female,11091,2304,54,8.1,5.5,79,Yoga,40,2,44,Muscle Gain
FT0143,24-03-2026,29,Female,7053,1886,14,6.2,6.3,70,Walking,25,1.3,49,Muscle Gain
FT0283,24-03-2026,46,Male,8638,2290,56,6.5,6.4,75,Running,45,2.8,56,Weight Loss
FT0562,24-03-2026,19,Male,4573,2093,67,3.9,6.8,83,Walking,61,2.2,39,Muscle Gain
FT0698,24-03-2026,43,Female,6724,2207,71,4.8,7.1,75,Running,70,2.9,52,Muscle Gain
FT1069,24-03-2026,32,Female,8252,2487,109,5.4,6.9,79,Walking,83,3.3,50,General Fitness
FT1109,24-03-2026,58,Female,6310,2279,79,3.8,6.8,72,Gym,80,2.7,31,Endurance
FT1160,24-03-2026,32,Female,10121,2227,93,7.4,6.2,78,Gym,72,2.6,36,Endurance
FT1669,24-03-2026,40,Male,10315,2303,66,6.9,8.2,79,Walking,60,1.4,68,Muscle Gain
FT1712,24-03-2026,38,Male,9923,2485,110,7.1,8.1,83,Cycling,91,2.1,39,Weight Loss
FT1844,24-03-2026,54,Female,4116,1776,44,3.1,7.9,65,Yoga,36,3.3,49,Weight Loss
FT1980,24-03-2026,52,Female,3240,2093,124,3.2,7.1,76,Gym,120,1.8,40,General Fitness
FT2040,24-03-2026,37,Female,6911,2054,60,5.5,5.7,76,Walking,64,1.8,47,Weight Loss
FT0173,25-03-2026,51,Female,11608,2197,55,9,6.4,77,Cycling,58,1.8,24,Weight Loss
FT0195,25-03-2026,59,Female,5353,1662,10,4,7.4,79,Walking,19,2.8,56,Weight Loss
FT0222,25-03-2026,37,Female,8668,2344,114,7,7.3,80,Gym,89,1.7,51,Muscle Gain
FT0522,25-03-2026,24,Female,8154,1909,45,7.5,9.2,64,Cycling,37,1.3,45,Weight Loss
FT0726,25-03-2026,23,Female,9497,2011,40,7.1,9.2,68,Yoga,30,3,63,General Fitness
FT0770,25-03-2026,34,Male,12020,2107,25,9.3,6.4,68,Walking,23,2.6,51,Muscle Gain
FT1007,25-03-2026,54,Male,7979,2174,118,6.4,6,79,Cycling,96,1.3,60,Endurance
FT1020,25-03-2026,22,Female,9809,2371,74,7.6,4.9,86,Running,62,1.8,72,Weight Loss
FT1172,25-03-2026,45,Male,6990,1915,38,5.5,6.7,77,Walking,32,3.1,23,Weight Loss
FT1483,25-03-2026,30,Female,7424,1960,39,5.1,6,70,Yoga,31,2.9,22,Flexibility
FT2130,25-03-2026,31,Female,6935,2187,90,4.9,8.2,67,Cycling,75,2.6,43,General Fitness
FT0071,26-03-2026,52,Female,7589,2092,53,6.5,7.9,72,Gym,50,2.5,47,General Fitness
FT0208,26-03-2026,59,Male,8514,2120,76,6.5,6.8,82,Gym,71,3.5,73,General Fitness
FT0221,26-03-2026,23,Female,8926,1924,59,6.8,6.8,72,Cycling,55,1.3,47,General Fitness
FT0329,26-03-2026,24,Male,10504,2629,96,8.2,7.5,81,Cycling,80,1.8,39,Flexibility
FT0768,26-03-2026,38,Female,11217,2249,83,8.9,6.3,83,Gym,89,2.5,54,Flexibility
FT0840,26-03-2026,57,Female,9787,2058,58,7.5,8.4,81,Gym,51,3.7,74,General Fitness
FT0907,26-03-2026,35,Female,3373,1993,72,2.3,8.8,75,Walking,49,2.7,58,General Fitness
FT1582,26-03-2026,27,Male,7669,2182,98,6.3,8.2,71,Cycling,72,0.8,55,Weight Loss
FT2039,26-03-2026,60,Male,5786,2168,110,4.5,6.4,68,Gym,79,3.5,52,Flexibility
FT2142,26-03-2026,55,Male,9717,2172,62,8.3,7.4,66,Gym,79,1.9,50,General Fitness
FT0019,27-03-2026,54,Female,4913,2030,77,4.3,8.3,75,Walking,71,3.1,35,Endurance
FT0107,27-03-2026,51,Male,6030,1818,40,5.4,7.1,80,Cycling,48,3.1,62,Flexibility
FT0190,27-03-2026,30,Male,9940,2424,43,6.8,6.3,85,Running,48,4.3,45,General Fitness
FT0372,27-03-2026,46,Female,9194,2349,74,5.6,7.7,69,Cycling,60,1.9,36,Weight Loss
FT0540,27-03-2026,18,Male,10206,2206,55,7.8,8.5,65,Running,50,3.4,59,Muscle Gain
FT0995,27-03-2026,40,Male,5591,2020,72,4.6,7.1,69,Gym,67,1.9,55,Flexibility
FT1039,27-03-2026,36,Male,8253,2079,59,7.1,5.7,68,Cycling,53,2.1,45,Weight Loss
FT1257,27-03-2026,27,Female,6326,2197,88,5.6,6.7,68,Gym,80,3.1,39,General Fitness
FT1468,27-03-2026,34,Female,11826,2167,69,9.1,5.9,78,Cycling,74,2.2,48,Endurance
FT1649,27-03-2026,59,Female,10651,2299,72,7.2,8.3,84,Cycling,62,2.1,42,Flexibility
FT2063,27-03-2026,24,Female,3309,1841,64,2.4,7.7,72,Walking,48,2,51,Endurance
FT0041,28-03-2026,25,Female,10947,2433,61,8.8,7.8,73,Running,50,1.8,62,Flexibility
FT0089,28-03-2026,51,Female,8662,2236,72,6.8,9.4,75,Running,78,2.4,34,Weight Loss
FT0114,28-03-2026,37,Female,11908,2455,72,9.5,8.3,64,Walking,53,2.3,44,Muscle Gain
FT0193,28-03-2026,44,Male,8769,2361,61,6.6,7.1,73,Gym,65,1.5,45,General Fitness
FT0363,28-03-2026,27,Female,3797,1868,47,3.5,7.4,78,Gym,51,2.9,59,General Fitness
FT0625,28-03-2026,43,Female,11288,2131,22,10.3,6.8,71,Walking,22,1.6,37,Muscle Gain
FT0738,28-03-2026,32,Female,7125,2094,48,5.4,9.6,74,Gym,40,2,38,Weight Loss
FT1212,28-03-2026,51,Female,7802,2382,52,5,8.3,66,Cycling,57,2.1,32,General Fitness
FT1460,28-03-2026,40,Female,9333,1966,51,8.2,6.6,64,Yoga,69,2.3,48,Weight Loss
FT1822,28-03-2026,50,Female,7532,2077,42,6.7,7.7,74,Running,43,1.9,45,General Fitness
FT2000,28-03-2026,30,Female,5001,1940,69,4.7,6.9,80,Walking,43,2.3,56,Flexibility
FT2019,28-03-2026,48,Female,8773,2045,50,6.6,6.1,78,Running,46,2.5,37,Muscle Gain
FT2074,28-03-2026,32,Male,8543,1941,54,6.9,6.8,69,Cycling,37,1.6,47,Weight Loss
FT2106,28-03-2026,29,Female,2715,1747,40,3.1,5.1,70,Gym,39,1.5,58,Endurance
FT0072,29-03-2026,26,Male,10340,2169,66,8,6.8,74,Walking,57,3.3,33,Weight Loss
FT0853,29-03-2026,59,Male,8374,2407,79,5.5,5.6,78,Running,71,2.7,54,General Fitness
FT0926,29-03-2026,58,Female,9758,2407,105,7.6,7.4,81,Gym,96,3.9,48,General Fitness
FT0959,29-03-2026,59,Female,7746,2348,71,5.3,9.5,69,Yoga,55,1.4,51,Muscle Gain
FT0988,29-03-2026,31,Female,10159,2241,75,8.7,7.5,77,Walking,68,2.4,60,Muscle Gain
FT1455,29-03-2026,42,Female,2029,2018,40,0.8,7.7,77,Yoga,26,2.4,59,Endurance
FT1901,29-03-2026,40,Male,8866,2174,65,5.8,6.6,73,Walking,71,1.2,51,Flexibility
FT1946,29-03-2026,23,Male,6132,1911,56,4.5,7.7,75,Cycling,65,2.3,41,Endurance
FT2069,29-03-2026,32,Female,6809,2072,66,4.8,7.5,80,Gym,59,2.6,44,Weight Loss
FT2107,29-03-2026,50,Female,7795,2115,85,5.8,7.6,76,Running,87,2.3,61,General Fitness
FT0299,30-03-2026,30,Male,8211,1784,42,7.1,6.8,83,Yoga,36,2.4,51,Muscle Gain
FT0465,30-03-2026,18,Male,6282,1876,31,4.5,4.9,65,Walking,20,2.3,69,Flexibility
FT0494,30-03-2026,43,Female,7296,2036,55,5.3,6.2,63,Walking,57,0.8,42,Weight Loss
FT0758,30-03-2026,34,Female,7102,2234,17,4.8,6.3,71,Yoga,16,1.7,36,Flexibility
FT1255,30-03-2026,45,Female,7373,1993,69,5.4,5.7,79,Walking,62,2.2,53,Weight Loss
FT1447,30-03-2026,58,Male,7706,2440,73,5.5,7.6,75,Running,49,1.7,52,General Fitness
FT1928,30-03-2026,23,Male,8244,2024,17,5.6,8.4,61,Walking,10,3,54,General Fitness
FT2003,30-03-2026,35,Male,6176,2274,76,4.3,6.1,76,Gym,79,1.7,49,Weight Loss
FT2085,30-03-2026,23,Female,6692,2188,52,5.2,8.7,69,Walking,65,3,19,Flexibility
FT2138,30-03-2026,18,Female,9937,1988,22,8.1,7.3,73,Walking,14,2.1,59,Muscle Gain
FT0105,31-03-2026,52,Female,9034,2170,65,6.7,7.2,77,Gym,53,2,57,Muscle Gain
FT0344,31-03-2026,40,Female,7883,1909,42,6.1,7.6,80,Walking,35,1.5,18,General Fitness
FT0593,31-03-2026,28,Female,10665,2282,80,9.1,6.5,72,Cycling,85,1.5,43,Weight Loss
FT0775,31-03-2026,54,Male,6477,2131,60,5.2,6.7,69,Walking,54,2.3,45,Muscle Gain
FT0894,31-03-2026,60,Female,8600,2337,65,6.7,6.3,73,Gym,50,1.9,65,Muscle Gain
FT0978,31-03-2026,42,Female,8504,2027,68,6.7,4.4,78,Gym,70,1.9,51,Endurance
FT1583,31-03-2026,40,Female,8013,2355,82,5.7,7.2,70,Cycling,67,2.3,39,Weight Loss
FT1619,31-03-2026,23,Female,8107,1738,12,5.8,7.4,72,Yoga,10,2.1,69,General Fitness
FT1639,31-03-2026,25,Male,6826,1774,48,6.1,7.1,71,Cycling,50,2.6,50,Endurance
FT1916,31-03-2026,40,Male,7727,2076,59,6.6,6.7,84,Running,67,3.5,37,Endurance
FT2049,31-03-2026,50,Male,7787,2059,52,5.9,6.7,66,Cycling,67,1.6,65,Endurance
FT2120,31-03-2026,48,Female,6351,2111,84,5.1,6.3,81,Running,72,3.3,52,Muscle Gain
FT0155,01-04-2026,36,Female,7856,2360,82,6.1,8.2,76,Yoga,70,2.9,27,General Fitness
FT0214,01-04-2026,37,Female,6215,1809,24,4.4,5.7,82,Yoga,36,3,39,Weight Loss
FT0900,01-04-2026,44,Male,9027,2203,58,6.9,8.4,75,Walking,54,2,49,Muscle Gain
FT1023,01-04-2026,55,Female,7568,1984,46,5.5,7.2,83,Cycling,60,1.7,55,Muscle Gain
FT1051,01-04-2026,39,Male,8330,1788,64,6.9,7.1,73,Walking,64,1.6,51,General Fitness
FT1122,01-04-2026,21,Female,8148,2105,59,6.7,7,73,Walking,64,3.9,35,Muscle Gain
FT1475,01-04-2026,60,Male,2310,1939,128,2.1,7.1,73,Walking,117,2.2,49,General Fitness
FT1560,01-04-2026,54,Female,8143,2248,42,6.1,5.9,74,Walking,39,2,51,Endurance
FT1604,01-04-2026,31,Male,8877,2002,49,6,6.2,75,Gym,65,2.1,26,Weight Loss
FT1711,01-04-2026,32,Female,9739,1909,15,6.6,6,61,Walking,12,1.6,57,General Fitness
FT1735,01-04-2026,55,Male,8824,2110,54,7.3,7.2,71,Cycling,60,1.4,35,General Fitness
FT1909,01-04-2026,19,Female,6960,1922,41,6.1,5.3,72,Walking,36,0.8,33,Weight Loss
FT2128,01-04-2026,44,Female,9666,2077,55,8.1,6.9,77,Gym,55,2.1,66,Endurance
FT0846,02-04-2026,18,Male,9799,2476,92,7,7.9,72,Walking,68,2.5,36,Endurance
FT1047,02-04-2026,28,Female,7500,2219,64,6.2,7.7,77,Gym,66,3.5,45,General Fitness
FT1100,02-04-2026,36,Male,8044,2273,116,6.4,7.4,83,Gym,96,1.3,61,Muscle Gain
FT1116,02-04-2026,39,Female,6087,2114,63,4.7,6.6,68,Gym,59,1.6,49,Endurance
FT1123,02-04-2026,29,Female,3957,1889,71,2.9,5.9,84,Cycling,76,1.9,57,Weight Loss
FT1124,02-04-2026,28,Female,7814,2197,62,4.6,6.7,81,Walking,71,1.2,36,Weight Loss
FT1231,02-04-2026,53,Male,8168,2107,66,6.1,8.7,82,Gym,59,2.9,39,Weight Loss
FT1471,02-04-2026,56,Female,7975,2234,44,5.3,6.4,75,Cycling,53,2,48,General Fitness
FT1520,02-04-2026,37,Male,5199,1979,76,3.5,4.4,82,Cycling,85,1.7,66,Weight Loss
FT1605,02-04-2026,23,Male,8818,2150,80,5.6,6.3,75,Gym,90,1.9,59,Flexibility
FT1734,02-04-2026,55,Male,8979,2220,75,7.1,7.9,65,Cycling,60,2.5,54,Endurance
FT1739,02-04-2026,18,Female,9780,2221,67,6.7,7.2,76,Gym,50,1.5,22,Weight Loss
FT1886,02-04-2026,25,Female,10622,2153,46,7.9,6.5,61,Gym,59,2.5,56,Muscle Gain
FT2079,02-04-2026,29,Female,5578,2153,79,4.7,5.8,72,Walking,80,2.4,50,Flexibility
FT0302,03-04-2026,53,Female,7211,2131,50,5.5,7.6,74,Walking,48,2.6,40,Muscle Gain
FT0628,03-04-2026,33,Male,8173,2150,68,5,6.3,82,Gym,73,1.8,42,Weight Loss
FT0684,03-04-2026,59,Female,6773,2037,77,5.2,7.2,81,Walking,59,2.9,43,General Fitness
FT0759,03-04-2026,23,Female,9357,2530,111,7.2,5.7,78,Running,105,2.8,52,Weight Loss
FT0795,03-04-2026,36,Female,2299,1740,42,1.4,7.4,73,Walking,37,1.8,42,General Fitness
FT1439,03-04-2026,31,Female,6930,1892,44,4.6,7.8,73,Walking,27,1.9,47,Endurance
FT1816,03-04-2026,22,Female,5497,2048,44,4.2,6.8,76,Yoga,48,2.6,73,Flexibility
FT1881,03-04-2026,34,Male,7887,2252,93,5.8,8.7,71,Cycling,88,2.5,32,Weight Loss
FT0011,04-04-2026,40,Female,8197,1940,10,5.9,7.5,55,Yoga,10,2.1,44,General Fitness
FT0102,04-04-2026,26,Male,8265,2279,75,7.3,7.4,77,Gym,67,3.1,40,Weight Loss
FT0157,04-04-2026,23,Male,7321,1906,10,4.6,9.9,65,Yoga,18,2,50,Weight Loss
FT0183,04-04-2026,39,Female,8045,2306,69,4.9,8.7,77,Gym,60,2.4,44,Muscle Gain
FT0502,04-04-2026,46,Female,5213,2127,106,4.5,5.8,81,Walking,91,3.3,42,Flexibility
FT0662,04-04-2026,49,Female,7266,1941,63,5.1,9,68,Walking,45,1.7,57,Muscle Gain
FT0740,04-04-2026,56,Male,8006,2122,108,6.1,9,72,Gym,85,2.9,47,Weight Loss
FT0836,04-04-2026,51,Female,10055,2163,73,6.9,8.2,70,Walking,68,3.6,53,Muscle Gain
FT0893,04-04-2026,40,Female,5691,2030,78,5.5,7.2,78,Cycling,75,3.7,55,Muscle Gain
FT1101,04-04-2026,38,Female,5592,2278,108,4.1,7.5,82,Gym,89,2.7,56,General Fitness
FT1214,04-04-2026,55,Female,9674,2372,81,6.9,5.7,83,Walking,81,2.3,54,Weight Loss
FT1242,04-04-2026,51,Female,11436,2351,91,9.6,8.8,70,Walking,83,2.8,60,Flexibility
FT1463,04-04-2026,20,Male,7430,2263,89,5.4,8.9,80,Yoga,75,2.7,53,General Fitness
FT1637,04-04-2026,25,Female,8631,2022,46,7.5,7.3,59,Running,51,2.5,41,General Fitness
FT2058,04-04-2026,49,Female,7489,2113,77,6.2,5.9,87,Running,75,2.3,45,General Fitness
FT2087,04-04-2026,49,Male,7790,2205,84,6.6,7.1,66,Walking,73,2.3,43,Weight Loss
FT2143,04-04-2026,59,Male,7420,2398,88,6.6,8.1,77,Gym,83,2.5,43,General Fitness
FT0057,05-04-2026,41,Female,12904,2397,59,10.6,6.2,69,Cycling,57,3.1,46,Muscle Gain
FT0303,05-04-2026,18,Male,7033,2184,84,4.9,6.3,76,Cycling,77,2.2,56,General Fitness
FT0391,05-04-2026,50,Female,11947,2093,40,8.8,6.2,73,Walking,26,2.4,33,General Fitness
FT0404,05-04-2026,59,Female,7945,2340,113,5.8,8.8,79,Gym,101,2.1,45,Weight Loss
FT0453,05-04-2026,39,Female,10066,2251,73,8.5,6.6,78,Running,72,2.2,60,Flexibility
FT0544,05-04-2026,25,Female,8222,2182,77,6.4,6.2,69,Cycling,74,2.2,52,General Fitness
FT0796,05-04-2026,30,Female,8860,2655,94,7,6.4,84,Running,66,1.5,53,General Fitness
FT0881,05-04-2026,21,Male,6500,2230,93,5.5,6.6,75,Gym,76,2.3,58,Muscle Gain
FT0979,05-04-2026,33,Female,7285,2105,58,6,10,71,Running,65,2.9,34,Endurance
FT1682,05-04-2026,18,Female,9792,2213,45,8.6,6.5,77,Walking,29,1.5,35,General Fitness
FT2013,05-04-2026,24,Male,8661,2385,83,6.1,6.2,84,Running,62,1.8,50,General Fitness
FT2110,05-04-2026,30,Female,7948,1912,59,5.8,6.2,82,Gym,66,3,54,Muscle Gain
FT0026,06-04-2026,45,Male,3998,2137,68,1.8,7.7,66,Gym,58,2.2,19,Weight Loss
FT0248,06-04-2026,35,Female,12723,2303,53,9,6.6,64,Yoga,40,3.2,60,Weight Loss
FT0479,06-04-2026,46,Male,9953,2536,115,7.6,8.2,87,Gym,84,1.9,65,Weight Loss
FT0639,06-04-2026,52,Male,10480,2515,67,8.9,6.2,76,Running,57,3,56,Endurance
FT0918,06-04-2026,51,Female,6752,2335,62,5.3,8.2,68,Walking,54,2.1,64,Endurance
FT1179,06-04-2026,29,Male,5420,2001,78,4,6.5,73,Gym,66,1.4,71,Endurance
FT1394,06-04-2026,49,Male,11632,2237,56,7.8,7.9,61,Gym,59,2.1,47,Muscle Gain
FT1467,06-04-2026,45,Female,7883,2186,62,5.5,6.9,78,Cycling,52,3.6,39,General Fitness
FT1548,06-04-2026,54,Male,11048,2323,79,9,6,66,Cycling,71,2.5,52,Weight Loss
FT1564,06-04-2026,57,Female,6176,2081,78,4.1,7,80,Gym,58,3,30,General Fitness
FT2001,06-04-2026,55,Male,6260,2009,53,5.1,8,74,Cycling,53,1.3,46,General Fitness
FT0081,07-04-2026,58,Male,6838,2167,60,5.1,6.2,78,Running,59,3.3,57,Endurance
FT0242,07-04-2026,43,Male,9719,2267,58,7.1,7.4,66,Cycling,50,2.1,44,General Fitness
FT0386,07-04-2026,23,Female,8576,2014,60,6.3,7.6,72,Walking,62,1.5,45,General Fitness
FT0431,07-04-2026,21,Female,9747,1880,21,7.6,7,66,Yoga,31,0.8,58,General Fitness
FT0496,07-04-2026,35,Male,9068,2614,105,7.9,8.3,71,Cycling,76,2.1,47,General Fitness
FT0929,07-04-2026,35,Male,6593,2258,79,5,6.7,66,Cycling,67,3.9,42,Weight Loss
FT1058,07-04-2026,51,Female,7101,2135,64,4.7,7.6,76,Running,64,2.4,40,General Fitness
FT1171,07-04-2026,45,Male,9613,1951,24,7.3,5.9,66,Yoga,14,3.1,59,Flexibility
FT1215,07-04-2026,21,Female,8499,2384,80,5.1,5.9,70,Walking,82,2.3,57,General Fitness
FT1266,07-04-2026,19,Male,9671,2056,36,8.4,9.7,71,Cycling,33,1.5,65,Muscle Gain
FT1556,07-04-2026,24,Male,5810,1963,53,5.1,7.6,69,Yoga,52,1.9,27,Muscle Gain
FT1557,07-04-2026,56,Female,9431,2380,94,6.9,7.6,73,Running,79,3.3,49,Endurance
FT1591,07-04-2026,49,Male,8857,1850,40,8.1,6.4,82,Walking,42,3.3,51,Weight Loss
FT1846,07-04-2026,44,Female,7521,2133,80,7,6.9,80,Gym,80,3.3,48,Weight Loss
FT1942,07-04-2026,28,Male,7985,2040,67,6.2,8,89,Running,51,2.6,49,Endurance
FT2015,07-04-2026,45,Female,9427,2342,75,7.4,8.2,78,Running,59,1,39,General Fitness
FT2175,07-04-2026,28,Male,7227,1902,37,5.2,6.4,65,Gym,50,1.8,65,Muscle Gain
FT2176,07-04-2026,50,Male,9491,2229,60,6.7,6.1,74,Walking,48,2.6,71,General Fitness
FT0099,08-04-2026,45,Female,6696,2368,122,4,7.3,83,Gym,91,2,63,General Fitness
FT0420,08-04-2026,39,Female,8071,2430,100,5.7,8.7,71,Running,113,2.6,47,Weight Loss
FT0439,08-04-2026,21,Male,8680,2204,45,6.2,6.6,72,Gym,32,2.9,23,General Fitness
FT0692,08-04-2026,52,Female,12450,2374,55,10.2,7.9,86,Running,61,0.8,47,Weight Loss
FT1681,08-04-2026,58,Female,11526,2273,72,9.1,6.4,72,Yoga,53,1.8,61,General Fitness
FT1986,08-04-2026,52,Female,5080,2071,43,3.8,8,65,Walking,40,2,39,General Fitness
FT2006,08-04-2026,23,Male,5272,1830,55,4.9,6,70,Cycling,56,1.7,52,Muscle Gain
FT2141,08-04-2026,48,Male,8232,1941,56,5.8,5.7,66,Walking,44,2.5,71,Weight Loss
FT0035,09-04-2026,56,Male,9065,2138,42,6.8,6.7,90,Running,37,2.1,47,General Fitness
FT0435,09-04-2026,36,Female,7585,2023,43,5.4,7.8,74,Walking,32,2.6,40,Flexibility
FT0627,09-04-2026,32,Female,5196,1674,57,5.1,6.9,76,Cycling,64,2,55,Endurance
FT0648,09-04-2026,41,Male,7699,1758,22,6.3,5.6,55,Walking,23,1.4,62,Endurance
FT0724,09-04-2026,23,Male,9481,2056,42,7.3,6.5,74,Yoga,39,1.7,72,General Fitness
FT0769,09-04-2026,24,Male,8146,2253,42,8.1,8.4,74,Yoga,39,2,23,Muscle Gain
FT0964,09-04-2026,27,Female,8497,2178,90,6.8,6.9,81,Gym,73,1.3,41,Endurance
FT1220,09-04-2026,36,Male,9551,2378,88,7.1,6.8,75,Walking,68,2.5,75,Weight Loss
FT1260,09-04-2026,52,Female,6747,1897,38,5.3,8.4,74,Gym,43,1.9,43,Weight Loss
FT1350,09-04-2026,43,Male,7771,2261,67,6.3,9,82,Running,78,3,55,Muscle Gain
FT1495,09-04-2026,35,Female,9308,2369,92,6.5,8.4,74,Running,90,3,28,Muscle Gain
FT1566,09-04-2026,37,Male,7496,1701,42,6.6,8.4,71,Walking,28,1.2,41,Muscle Gain
FT1636,09-04-2026,41,Female,7199,2031,21,6.3,7.4,75,Walking,10,2.2,48,General Fitness
FT1698,09-04-2026,24,Female,9470,2239,83,6,7,78,Running,59,1.9,37,Flexibility
FT2031,09-04-2026,41,Female,5787,2286,72,5.1,6.2,86,Gym,68,2.1,46,Muscle Gain
FT0098,10-04-2026,47,Male,7276,2069,55,6.7,6.6,64,Walking,52,1.6,57,General Fitness
FT0440,10-04-2026,35,Female,10202,2047,75,7,5.8,78,Running,63,2.5,29,General Fitness
FT0576,10-04-2026,34,Male,11203,2381,59,8.7,7,65,Running,69,2.1,58,Muscle Gain
FT0605,10-04-2026,53,Female,7815,2054,74,6.3,7.4,68,Running,57,2.4,42,Weight Loss
FT1299,10-04-2026,40,Female,10081,2778,106,9.1,7.1,84,Running,89,2.3,50,Muscle Gain
FT1321,10-04-2026,22,Female,9210,2023,51,6.1,5.6,76,Walking,62,2.9,39,General Fitness
FT1484,10-04-2026,22,Female,5985,2280,122,4.1,6.7,84,Cycling,103,2.3,57,Endurance
FT1594,10-04-2026,18,Male,10933,1877,15,8.7,8.8,69,Walking,30,3.2,68,Endurance
FT1646,10-04-2026,30,Male,6005,2335,88,4.4,6.5,71,Gym,69,3.3,32,Weight Loss
FT1827,10-04-2026,22,Male,10749,2284,55,9,7,79,Running,60,2.2,49,Endurance
FT1847,10-04-2026,35,Female,5862,1924,77,3.8,5.8,73,Gym,75,2.6,51,Weight Loss
FT0025,11-04-2026,51,Female,10569,2437,65,8.2,5.6,71,Cycling,41,1.9,60,General Fitness
FT0058,11-04-2026,24,Female,5834,2177,74,4.9,8.5,76,Running,81,3.2,35,General Fitness
FT0235,11-04-2026,39,Male,7913,1849,74,6.4,6.7,78,Gym,74,2,50,Endurance
FT0261,11-04-2026,52,Male,9670,2474,82,6.9,6.1,72,Gym,77,2.4,65,Endurance
FT0417,11-04-2026,59,Female,10587,2283,52,9.5,8.9,75,Gym,59,2.2,59,General Fitness
FT0471,11-04-2026,49,Female,8407,1815,10,6.6,7.4,73,Yoga,10,2.2,50,General Fitness
FT0568,11-04-2026,28,Female,4037,2217,65,4.1,5.6,72,Walking,59,0.8,57,General Fitness
FT0603,11-04-2026,49,Female,7708,2041,40,5.8,7.1,69,Gym,41,2.5,63,General Fitness
FT0611,11-04-2026,53,Male,9579,2455,98,9.1,7.3,68,Cycling,74,2.1,59,General Fitness
FT0650,11-04-2026,54,Female,8692,2165,42,6.3,7.6,76,Running,42,1.8,35,Muscle Gain
FT0983,11-04-2026,41,Male,7703,1950,51,5.4,8.1,67,Cycling,42,1.7,48,Endurance
FT1002,11-04-2026,49,Female,6313,1863,35,5.8,7.2,72,Gym,29,2,57,Flexibility
FT1042,11-04-2026,54,Female,4545,2046,50,3.5,7.7,72,Walking,50,2.1,47,Weight Loss
FT1188,11-04-2026,43,Male,7884,2263,75,5.6,7.9,73,Walking,76,2.4,60,Flexibility
FT1400,11-04-2026,30,Female,7762,2236,76,6,6.3,72,Gym,65,3.2,39,General Fitness
FT1476,11-04-2026,30,Male,1800,1693,73,1.7,6.6,78,Walking,56,2.9,70,Weight Loss
FT1490,11-04-2026,39,Female,10948,2126,68,9.3,7.7,66,Gym,75,2.3,59,Muscle Gain
FT1499,11-04-2026,38,Male,10133,2060,14,8.5,6.6,76,Gym,13,2.8,52,General Fitness
FT1762,11-04-2026,35,Male,7162,2101,61,5.2,7.7,78,Walking,65,2.4,66,Weight Loss
FT1820,11-04-2026,30,Male,10233,2090,43,8.6,7.5,64,Cycling,32,2.4,45,General Fitness
FT2002,11-04-2026,20,Female,7670,2378,91,4.2,5.3,77,Cycling,82,1.6,18,General Fitness
FT2033,11-04-2026,21,Female,7326,2152,75,6.8,7,69,Walking,63,2.6,62,Weight Loss
FT2059,11-04-2026,34,Male,11837,2605,110,7.9,7,80,Running,94,3,71,Muscle Gain
FT0226,12-04-2026,31,Male,9607,2454,74,7.6,6.2,70,Running,89,1.4,47,Flexibility
FT0260,12-04-2026,43,Female,2279,1916,55,1,7.8,73,Cycling,69,2.5,47,Muscle Gain
FT0448,12-04-2026,59,Male,6896,2375,131,5.9,5.2,76,Gym,96,3.1,45,General Fitness
FT0640,12-04-2026,58,Male,9503,2442,87,6.3,7.7,80,Walking,60,2.9,41,General Fitness
FT0641,12-04-2026,46,Female,7999,1802,41,5.8,8.4,85,Walking,28,2.3,42,General Fitness
FT0944,12-04-2026,38,Male,7970,1877,24,6.9,8.4,65,Cycling,23,2.8,10,General Fitness
FT0997,12-04-2026,40,Female,12383,2427,56,9.8,6.7,70,Running,46,1.6,57,Flexibility
FT1053,12-04-2026,39,Male,11221,2266,62,9.2,7.9,71,Cycling,78,2.7,33,Weight Loss
FT1458,12-04-2026,37,Female,6903,2101,65,5.8,7,75,Yoga,41,1.8,45,Endurance
FT1506,12-04-2026,28,Female,7702,2108,54,6,6.8,76,Gym,56,1.5,42,Endurance
FT1535,12-04-2026,53,Male,9082,2285,37,6.8,6.7,84,Running,33,1.5,56,Flexibility
FT1537,12-04-2026,24,Female,12788,2463,59,10,6.7,63,Walking,46,2.1,29,General Fitness
FT1770,12-04-2026,26,Female,6189,2163,66,4.5,7.1,75,Cycling,59,3,66,Muscle Gain
FT1889,12-04-2026,20,Female,10185,2324,78,6.7,7.1,69,Gym,71,2.1,40,General Fitness
FT2008,12-04-2026,24,Male,8854,2258,25,5.9,8.5,73,Running,39,2.5,53,General Fitness
FT2030,12-04-2026,32,Male,5889,2092,87,3.9,6.3,70,Running,77,2.4,50,Muscle Gain
FT0581,13-04-2026,22,Male,8596,2022,102,7.3,9.4,73,Gym,88,2.3,32,General Fitness
FT0970,13-04-2026,19,Female,9007,2058,62,6.9,6.2,73,Gym,61,2.8,46,Endurance
FT0990,13-04-2026,51,Female,7557,2053,49,6.7,7.5,74,Cycling,54,2.3,27,Weight Loss
FT1365,13-04-2026,41,Female,10217,2414,106,8.8,8.2,76,Cycling,90,3.2,58,Weight Loss
FT1429,13-04-2026,29,Male,10306,2530,57,7.5,6.3,72,Cycling,41,1.9,54,Muscle Gain
FT1552,13-04-2026,54,Female,7637,1980,51,6.8,8.5,73,Gym,45,2.2,48,Weight Loss
FT1661,13-04-2026,44,Male,7048,1932,10,6.1,6.5,67,Walking,10,3.5,55,General Fitness
FT2116,13-04-2026,26,Male,8558,2289,59,6.9,8.6,74,Running,54,2.2,33,Flexibility
FT2144,13-04-2026,44,Female,9361,2122,48,7.1,8.3,72,Gym,31,2.5,50,Endurance
FT2155,13-04-2026,48,Female,8284,1920,52,6.5,8,70,Yoga,65,2.7,27,Muscle Gain
FT0447,14-04-2026,31,Female,8618,1852,27,6,7.5,72,Walking,33,2.5,49,Weight Loss
FT0460,14-04-2026,22,Male,8325,2072,66,6.9,7.4,79,Walking,59,2.4,55,Weight Loss
FT0561,14-04-2026,41,Female,8958,2060,54,7.1,6.6,84,Running,41,0.9,25,General Fitness
FT0653,14-04-2026,26,Male,8447,2249,36,6.2,6.8,67,Yoga,32,1.6,55,General Fitness
FT1147,14-04-2026,40,Female,9460,2053,47,8.3,8.9,83,Running,61,2.8,31,Muscle Gain
FT1337,14-04-2026,45,Male,12150,2154,37,9.7,7.4,88,Running,23,2.7,48,General Fitness
FT1343,14-04-2026,23,Female,6593,2228,68,3.7,5.9,76,Running,57,2.7,57,Weight Loss
FT1418,14-04-2026,36,Female,9663,2292,65,8,8.7,87,Cycling,78,1.2,45,Muscle Gain
FT1519,14-04-2026,39,Male,7314,2305,98,5.2,7.8,74,Cycling,67,2,34,Endurance
FT1730,14-04-2026,22,Male,9097,2079,49,6.1,7.1,70,Walking,56,2.8,53,General Fitness
FT0032,15-04-2026,27,Female,8396,2282,47,5.1,6.2,70,Walking,37,1.9,36,Weight Loss
FT0358,15-04-2026,56,Female,4469,1963,70,4.2,7.4,78,Running,49,2,54,Muscle Gain
FT0446,15-04-2026,46,Female,8621,2535,93,7,7.9,77,Gym,97,2.3,39,Muscle Gain
FT0580,15-04-2026,22,Male,5203,1929,49,4.4,7,89,Running,45,2.6,39,General Fitness
FT0751,15-04-2026,59,Female,6845,2266,65,4.2,7.3,72,Yoga,53,1.6,36,Flexibility
FT0906,15-04-2026,48,Male,9747,2039,50,6.7,8.3,65,Gym,40,2.1,32,Muscle Gain
FT0971,15-04-2026,30,Male,5711,1825,63,3.9,9,76,Yoga,59,1.8,69,General Fitness
FT1191,15-04-2026,35,Male,7153,2165,69,5,6.7,62,Cycling,49,2.7,60,Weight Loss
FT1555,15-04-2026,37,Female,7417,1967,54,6,6.9,73,Walking,47,2,49,General Fitness
FT1567,15-04-2026,59,Male,8809,2079,32,5.3,7.8,75,Running,23,1.6,47,Muscle Gain
FT1644,15-04-2026,43,Male,10503,1891,21,8.1,7.5,81,Yoga,12,2.9,38,Endurance
FT1674,15-04-2026,50,Female,8900,2177,82,7.6,7,66,Gym,61,2.4,34,Muscle Gain
FT1861,15-04-2026,49,Male,5977,1916,19,5,6.1,70,Yoga,20,3.1,41,Weight Loss
FT2105,15-04-2026,55,Male,8480,2356,98,6.6,6.4,76,Cycling,78,1.1,48,General Fitness
FT0103,16-04-2026,52,Male,5871,1922,41,3.1,6.9,59,Cycling,37,2.6,63,General Fitness
FT0133,16-04-2026,21,Female,5415,1755,15,4.3,6.7,65,Yoga,32,2.2,47,General Fitness
FT0332,16-04-2026,33,Male,5311,1851,36,3.6,7.4,80,Yoga,25,2.8,45,Endurance
FT0374,16-04-2026,34,Female,5181,2181,57,4.7,9.4,83,Running,72,4,36,Flexibility
FT0427,16-04-2026,55,Female,8262,2051,35,6.5,6.5,73,Yoga,45,2.5,52,Muscle Gain
FT0445,16-04-2026,39,Female,7335,1812,52,6.1,6.1,74,Walking,71,2,44,Muscle Gain
FT0537,16-04-2026,37,Female,10570,2443,65,6.6,8.6,70,Gym,50,3.1,51,Flexibility
FT0777,16-04-2026,36,Female,10803,2253,22,7.6,8,68,Cycling,34,2.9,53,Weight Loss
FT0794,16-04-2026,53,Female,9307,2131,30,6.7,5.7,79,Walking,37,1.9,32,Weight Loss
FT0873,16-04-2026,22,Male,10036,2051,57,7.3,7.6,72,Yoga,55,2,57,Muscle Gain
FT0887,16-04-2026,20,Female,5834,2102,62,3.5,8.2,79,Walking,56,2.5,44,Endurance
FT0936,16-04-2026,58,Male,10556,2084,58,8.6,6.9,72,Walking,47,2.3,90,Flexibility
FT1219,16-04-2026,52,Female,11308,2288,75,10.5,6.5,83,Gym,96,3,42,General Fitness
FT1528,16-04-2026,23,Female,6760,2271,78,4.4,7.8,90,Running,89,2,53,Muscle Gain
FT1714,16-04-2026,49,Female,6245,2267,94,5.4,7.6,71,Gym,65,2.5,43,Muscle Gain
FT1773,16-04-2026,33,Female,8076,2345,63,5.5,7.9,74,Running,57,2.1,35,General Fitness
FT0361,17-04-2026,54,Male,7989,1927,30,5.6,8,76,Walking,33,2,45,General Fitness
FT0434,17-04-2026,23,Male,6081,1880,86,4.7,6,77,Cycling,65,2.1,52,Weight Loss
FT0696,17-04-2026,28,Female,5479,1965,47,5.1,8.4,69,Walking,41,1.4,21,Muscle Gain
FT0697,17-04-2026,49,Male,5877,2182,77,5.3,7.6,73,Walking,61,2.2,41,General Fitness
FT0706,17-04-2026,42,Male,12209,2326,84,9,7.8,84,Walking,62,3.3,74,Endurance
FT0984,17-04-2026,45,Female,9595,2242,56,6.3,7.6,74,Walking,41,2.5,46,Muscle Gain
FT1216,17-04-2026,22,Female,7641,2209,45,5.6,6.8,79,Running,33,1,45,Weight Loss
FT1565,17-04-2026,41,Female,6950,2190,58,5.2,8.4,77,Cycling,61,1.4,50,Muscle Gain
FT1590,17-04-2026,19,Female,6937,1919,73,6.2,7.9,76,Yoga,65,2.7,53,Flexibility
FT1885,17-04-2026,44,Female,6389,2109,69,5.2,9.2,67,Walking,60,2.1,34,Weight Loss
FT0094,18-04-2026,34,Male,9594,2091,59,7.2,7.8,80,Walking,45,3,50,Endurance
FT0096,18-04-2026,30,Female,8181,2127,43,6.2,6.8,80,Yoga,59,3.3,26,Muscle Gain
FT0230,18-04-2026,25,Female,10329,2058,50,7.9,7.5,79,Running,57,3,40,General Fitness
FT0264,18-04-2026,57,Female,8837,2134,27,6.7,6.1,67,Walking,22,2.1,60,Flexibility
FT0292,18-04-2026,29,Male,11104,2140,42,8.6,4.7,81,Running,35,2.5,62,Weight Loss
FT0508,18-04-2026,28,Female,10477,2239,58,6.9,8.7,71,Cycling,48,1.9,34,General Fitness
FT0624,18-04-2026,35,Male,7870,2038,36,6.4,7.6,80,Yoga,43,2.2,35,Muscle Gain
FT0660,18-04-2026,30,Male,12024,2452,90,8.6,8.4,88,Running,65,2,48,General Fitness
FT0732,18-04-2026,36,Male,9646,2177,39,7.9,9.7,81,Running,32,2.8,46,Flexibility
FT0746,18-04-2026,33,Male,6885,2218,74,6.5,7.1,71,Walking,88,2,50,Weight Loss
FT1019,18-04-2026,19,Female,4761,2254,67,2.9,6.4,76,Gym,50,2.8,38,Flexibility
FT1110,18-04-2026,19,Female,7183,2244,77,4.9,7.8,65,Walking,76,2.8,38,Weight Loss
FT1196,18-04-2026,45,Female,8220,2206,28,6.4,7.6,80,Running,50,1.6,43,General Fitness
FT1233,18-04-2026,59,Male,5277,2347,109,3.5,8.2,90,Cycling,96,1.6,33,Endurance
FT1384,18-04-2026,56,Female,6747,1791,32,7.1,7.4,67,Gym,25,2.9,50,Weight Loss
FT1723,18-04-2026,46,Female,10303,2502,76,9.4,6.6,80,Gym,73,3.1,39,General Fitness
FT2153,18-04-2026,54,Female,10828,2160,32,9,7.1,70,Gym,31,2.4,52,Weight Loss
FT2188,18-04-2026,29,Female,8769,2066,59,7.5,7.3,71,Walking,69,3,48,Flexibility
FT0152,19-04-2026,30,Female,7763,2174,62,4.3,7.6,75,Cycling,57,1.4,34,General Fitness
FT0287,19-04-2026,24,Male,9354,2559,75,7.2,8.1,75,Running,81,1.8,54,General Fitness
FT0345,19-04-2026,56,Female,6929,2206,49,5.1,6.7,74,Walking,50,2.6,25,Flexibility
FT0349,19-04-2026,25,Male,9574,2459,77,7.8,5.9,75,Walking,70,2.7,53,Flexibility
FT0844,19-04-2026,19,Female,8982,2403,72,6,6.7,74,Running,79,2,69,Endurance
FT1000,19-04-2026,40,Female,6754,1904,12,4.1,5.2,61,Gym,27,1.9,60,Muscle Gain
FT1099,19-04-2026,19,Female,8423,2208,53,5.3,5.9,80,Walking,50,1.9,46,General Fitness
FT1241,19-04-2026,39,Female,8034,1973,73,6.1,7.6,69,Walking,59,3.9,44,General Fitness
FT1363,19-04-2026,33,Female,10420,2525,75,7.9,7,81,Running,81,1.3,60,Flexibility
FT1372,19-04-2026,32,Male,10103,2254,47,7,7,73,Running,43,1.6,48,Flexibility
FT1760,19-04-2026,42,Female,7499,2235,53,5.9,7.6,71,Walking,51,2.1,56,Weight Loss
FT1817,19-04-2026,28,Female,6898,2338,86,6.6,4.7,71,Cycling,62,1.6,55,Weight Loss
FT1892,19-04-2026,28,Male,8866,1948,33,7.1,8.1,70,Gym,37,1.6,30,General Fitness
FT1971,19-04-2026,53,Female,7510,2028,29,6.7,5.8,71,Yoga,27,1.8,65,Endurance
FT2180,19-04-2026,37,Female,7681,1913,66,6.6,7.7,71,Yoga,54,2.1,40,General Fitness
FT0123,20-04-2026,46,Male,8840,2234,62,6.7,6.3,68,Cycling,82,1.9,55,General Fitness
FT0392,20-04-2026,25,Male,7370,2269,93,5.2,7.7,77,Cycling,92,2,45,Flexibility
FT0393,20-04-2026,33,Male,8178,1734,19,5.8,8.8,73,Walking,29,1.2,49,Weight Loss
FT0803,20-04-2026,40,Male,8613,2180,81,8,7.2,68,Cycling,81,2.8,50,Weight Loss
FT0954,20-04-2026,36,Male,7845,2114,62,6.2,6.3,78,Cycling,62,3.4,59,General Fitness
FT1005,20-04-2026,23,Male,9338,2036,31,6.6,7.6,60,Walking,49,2.1,38,Weight Loss
FT1347,20-04-2026,54,Female,7303,1908,18,4.7,6.3,78,Yoga,18,2.9,40,Muscle Gain
FT1601,20-04-2026,30,Male,8394,2277,47,5.8,8,69,Running,50,2.7,41,General Fitness
FT1801,20-04-2026,20,Female,7074,2189,90,4.6,8.9,76,Cycling,67,2.4,47,Muscle Gain
FT0037,21-04-2026,54,Female,9162,2357,77,7.6,9.3,70,Cycling,63,1.5,46,Endurance
FT0828,21-04-2026,56,Male,12130,2255,29,8.9,9.4,81,Running,50,1.6,57,General Fitness
FT0855,21-04-2026,30,Male,9977,2389,72,7.9,7.2,73,Cycling,65,1.5,66,General Fitness
FT1018,21-04-2026,39,Female,7552,2135,55,5.1,7.7,65,Gym,51,2.3,77,Weight Loss
FT1032,21-04-2026,25,Male,7019,2143,87,5.8,8,80,Yoga,63,3,63,General Fitness
FT1067,21-04-2026,57,Male,11981,2262,57,10.2,6.1,81,Running,45,3.1,59,Weight Loss
FT1097,21-04-2026,53,Female,10960,2365,63,8.1,5.3,62,Walking,49,2,36,General Fitness
FT1161,21-04-2026,43,Male,12300,2647,74,9.2,7.8,80,Running,57,2.7,52,Weight Loss
FT1523,21-04-2026,26,Female,6315,1719,50,4.8,8.5,72,Cycling,36,3.4,42,Weight Loss
FT2007,21-04-2026,36,Female,6861,2332,88,6,7.7,71,Yoga,67,2.2,49,General Fitness
FT2036,21-04-2026,54,Male,1885,2092,104,0.8,7.6,72,Gym,97,2.4,64,Weight Loss
FT2124,21-04-2026,44,Male,7332,2008,49,5.3,6.9,59,Walking,39,1.9,66,Weight Loss
FT2169,21-04-2026,58,Male,7269,2113,97,5.3,6.6,71,Cycling,86,2.4,40,Muscle Gain
FT2185,21-04-2026,45,Female,10914,2397,105,7.7,6.6,76,Gym,101,2.5,64,Muscle Gain
FT0039,22-04-2026,29,Female,11703,2461,56,8.9,7,86,Running,52,2.1,50,General Fitness
FT0362,22-04-2026,56,Male,6694,2209,73,4.5,7.6,78,Yoga,62,1.8,46,General Fitness
FT0480,22-04-2026,22,Male,8762,2253,57,7.2,5.9,67,Yoga,44,2.7,56,Weight Loss
FT0585,22-04-2026,35,Female,9039,1863,10,7.4,5.3,55,Yoga,10,3,33,Flexibility
FT0812,22-04-2026,55,Female,9820,2018,41,7.4,6.5,74,Gym,62,2.3,34,Endurance
FT0833,22-04-2026,37,Male,5576,2309,69,4.9,7.3,79,Running,75,3,59,General Fitness
FT0897,22-04-2026,39,Female,7474,2046,51,6.8,7.6,84,Walking,59,2.2,51,Weight Loss
FT0972,22-04-2026,35,Female,6931,2373,89,4.5,9,73,Running,90,2.3,39,Weight Loss
FT1043,22-04-2026,35,Male,5970,2209,74,4.2,7.4,66,Cycling,56,2.4,30,General Fitness
FT1207,22-04-2026,40,Male,10028,2324,64,6.9,7.1,83,Running,63,2.2,59,General Fitness
FT1697,22-04-2026,38,Male,8762,2119,45,6.7,7.3,74,Walking,47,2.5,58,Endurance
FT1729,22-04-2026,37,Male,5308,1841,70,4.2,7.3,65,Cycling,44,2.4,42,Muscle Gain
FT1748,22-04-2026,34,Female,8975,2205,66,7.7,7.8,84,Gym,82,3.3,52,General Fitness
FT1911,22-04-2026,21,Female,9090,2420,99,7.2,5.8,83,Running,63,2.5,45,Weight Loss
FT2065,22-04-2026,43,Male,7934,2086,48,4.9,5.7,69,Gym,56,3.1,48,Flexibility
FT0112,23-04-2026,51,Male,9596,2193,41,7.1,7.5,67,Walking,33,2.8,44,Endurance
FT0119,23-04-2026,28,Male,2955,1954,30,1.9,7.5,58,Walking,39,1.5,52,Muscle Gain
FT0164,23-04-2026,35,Male,7122,2545,102,5.3,6.7,75,Running,82,2,69,Weight Loss
FT0236,23-04-2026,48,Male,8182,1973,66,7,8,80,Gym,68,1.9,55,Muscle Gain
FT0395,23-04-2026,48,Female,11169,2467,102,9.1,7.8,84,Gym,79,1.7,51,Flexibility
FT0782,23-04-2026,45,Male,11603,2335,44,8.9,6.7,75,Walking,33,2.6,43,General Fitness
FT0823,23-04-2026,23,Female,7408,2139,67,4.9,6.7,75,Gym,58,1.5,56,Endurance
FT0933,23-04-2026,29,Female,12105,2361,86,9,7.4,61,Gym,67,1.4,40,General Fitness
FT1195,23-04-2026,40,Female,5777,1919,56,4.6,7.2,67,Walking,51,2.6,45,General Fitness
FT1689,23-04-2026,58,Male,5954,1725,38,4.4,6.3,63,Yoga,41,2.5,55,Muscle Gain
FT1897,23-04-2026,42,Male,9991,2056,28,7.3,6.9,73,Running,27,2.9,71,Weight Loss
FT2196,23-04-2026,53,Male,10558,2440,68,8,6.9,70,Walking,56,2.9,39,Endurance
FT0043,24-04-2026,48,Male,4449,1712,33,3.3,9.5,64,Walking,34,1.9,53,General Fitness
FT0169,24-04-2026,32,Female,9779,2639,94,7.7,9.4,80,Running,71,0.8,39,Weight Loss
FT0217,24-04-2026,21,Male,6016,2086,68,4.8,5.5,78,Cycling,56,2.6,50,General Fitness
FT0407,24-04-2026,36,Male,7742,2228,79,6.5,7.4,84,Running,70,2,42,Muscle Gain
FT0708,24-04-2026,42,Female,6194,1908,54,3.9,8.3,63,Walking,56,2.5,47,General Fitness
FT0781,24-04-2026,55,Female,8571,2154,46,7.4,7.1,70,Running,35,3.6,44,General Fitness
FT1226,24-04-2026,59,Male,5983,2220,106,4.8,6.6,86,Cycling,72,2,55,Endurance
FT1882,24-04-2026,29,Female,9214,2321,90,7,5.5,85,Running,86,1.1,59,General Fitness
FT1927,24-04-2026,33,Female,8050,1822,29,6.8,7.4,77,Walking,27,3.3,43,Endurance
FT0159,25-04-2026,39,Male,9181,2134,44,8.3,6.8,72,Walking,45,1.2,55,Weight Loss
FT0369,25-04-2026,18,Male,11378,2325,59,7.7,5.6,77,Running,71,1.5,72,Flexibility
FT0415,25-04-2026,18,Male,5785,2314,58,5,8.1,78,Gym,65,2,61,Weight Loss
FT0547,25-04-2026,36,Female,7082,2144,112,6.3,6.7,69,Gym,81,3.1,30,Flexibility
FT0699,25-04-2026,20,Male,6202,2213,68,3.7,7.8,87,Running,69,3.1,43,General Fitness
FT0783,25-04-2026,23,Female,12097,2018,15,8.7,8.6,65,Gym,18,2.1,63,Flexibility
FT0809,25-04-2026,34,Male,9176,1692,36,8.3,7.4,82,Yoga,38,2.3,51,Muscle Gain
FT0920,25-04-2026,45,Female,7917,2239,82,5.1,6.9,71,Gym,75,1.6,69,Weight Loss
FT0992,25-04-2026,41,Male,6801,1602,26,4.2,8.6,72,Walking,24,2.4,37,Muscle Gain
FT1049,25-04-2026,46,Male,9446,2671,114,6.1,7.6,79,Cycling,89,4.1,58,General Fitness
FT1185,25-04-2026,36,Female,7204,2451,88,4.9,6.6,85,Gym,90,2,53,General Fitness
FT1209,25-04-2026,30,Male,6762,2093,76,6.1,6.6,71,Gym,75,1.1,49,General Fitness
FT1494,25-04-2026,32,Female,6170,2038,72,4.6,6.1,78,Yoga,58,2.1,44,Weight Loss
FT1546,25-04-2026,43,Male,8301,2078,70,7.7,7.6,85,Running,59,2.3,68,Weight Loss
FT1794,25-04-2026,29,Male,10393,2310,73,6.5,7.2,75,Running,75,2.7,56,Muscle Gain
FT1876,25-04-2026,23,Male,9804,2137,57,8,6.3,73,Walking,31,2.1,50,General Fitness
FT1907,25-04-2026,30,Male,10320,2259,75,9.1,7.3,81,Walking,64,1.6,45,Endurance
FT1915,25-04-2026,32,Female,12234,2609,67,8.8,5.8,93,Running,41,2.8,69,General Fitness
FT2195,25-04-2026,46,Female,8259,1678,12,6.1,6,73,Gym,15,1.4,31,Endurance
FT0610,26-04-2026,54,Female,7266,2095,71,5.9,7.3,72,Gym,74,1.6,44,Weight Loss
FT0815,26-04-2026,51,Female,7839,2252,111,5.9,5.2,78,Gym,97,1.4,46,Weight Loss
FT0857,26-04-2026,28,Male,7135,2054,72,5.7,7.1,78,Yoga,64,2.1,37,Weight Loss
FT1111,26-04-2026,45,Male,12620,2523,75,9.5,6.4,72,Running,59,2.1,40,Muscle Gain
FT1206,26-04-2026,56,Female,5634,2108,57,5.1,6.1,83,Running,66,1.8,33,Weight Loss
FT1580,26-04-2026,43,Female,10997,2152,48,7.5,7.8,94,Running,38,1.7,50,General Fitness
FT1648,26-04-2026,46,Female,7960,2319,79,6.4,6.7,79,Gym,58,2.5,43,General Fitness
FT1745,26-04-2026,27,Female,5496,1997,34,3.1,8.3,71,Walking,37,2.2,28,Muscle Gain
FT1776,26-04-2026,23,Female,9943,2154,55,7.1,7.9,72,Walking,42,2.6,39,Weight Loss
FT1851,26-04-2026,21,Female,7716,2316,91,6.1,5.8,71,Cycling,78,2.2,38,Muscle Gain
FT1970,26-04-2026,24,Female,8587,2335,69,5.3,5.3,77,Running,60,2.7,29,Flexibility
FT0007,27-04-2026,21,Female,9984,2258,55,8.1,7.1,72,Walking,48,2.9,54,Weight Loss
FT0319,27-04-2026,58,Male,8261,2178,43,5.7,6.9,84,Running,50,3.6,47,General Fitness
FT0851,27-04-2026,60,Male,9493,2324,110,6.9,5.4,87,Walking,72,2.7,48,General Fitness
FT0980,27-04-2026,42,Female,12048,2328,52,10.6,8.3,68,Gym,60,2.3,34,General Fitness
FT1084,27-04-2026,41,Female,9271,2116,50,6.7,7.7,81,Running,37,2.3,42,Weight Loss
FT1630,27-04-2026,23,Male,7490,2458,67,5.3,6.9,80,Running,54,1.7,46,Weight Loss
FT1849,27-04-2026,40,Male,7562,2013,69,5.1,8.7,67,Gym,59,2.9,65,General Fitness
FT1906,27-04-2026,28,Male,6346,2374,122,5.4,7.4,68,Walking,99,2,55,Muscle Gain
FT2004,27-04-2026,37,Male,6764,2396,99,5.8,8,69,Running,73,1.9,47,General Fitness
FT0258,28-04-2026,22,Female,3209,2077,115,1.2,9,84,Yoga,81,1.8,35,Weight Loss
FT0364,28-04-2026,56,Female,9050,2325,59,6.3,7.8,84,Cycling,52,2.5,35,Muscle Gain
FT0452,28-04-2026,57,Female,4130,1915,50,2.3,7.3,71,Cycling,44,1.8,72,Muscle Gain
FT0646,28-04-2026,32,Male,9935,2098,81,7.3,5.6,83,Gym,83,2,49,General Fitness
FT1410,28-04-2026,30,Male,6576,1985,28,5.3,8.2,85,Running,17,1.3,39,Weight Loss
FT1414,28-04-2026,52,Female,3700,1737,13,3.1,7,65,Yoga,27,1.5,57,Endurance
FT1430,28-04-2026,51,Male,8741,2348,73,6.7,8.3,77,Running,62,2,53,Flexibility
FT1522,28-04-2026,48,Male,7706,2080,55,6.5,6.8,77,Walking,37,2.8,32,Endurance
FT1613,28-04-2026,46,Female,9847,2293,39,8.2,6.9,84,Running,42,2.1,50,General Fitness
FT1684,28-04-2026,52,Female,13383,2376,45,11,7.4,68,Walking,47,1.9,56,Weight Loss
FT1837,28-04-2026,58,Female,7984,1904,22,6.6,6.9,73,Walking,17,2.1,45,Weight Loss
FT0085,29-04-2026,45,Female,10577,2215,26,8.4,6.8,71,Walking,40,1.5,57,Weight Loss
FT0129,29-04-2026,42,Male,2727,1666,29,3.4,7.5,69,Yoga,36,2.2,41,Endurance
FT0238,29-04-2026,36,Male,10035,2241,67,9.2,7.2,79,Cycling,72,1.9,40,Flexibility
FT0359,29-04-2026,21,Male,7768,2060,29,6.9,7.5,68,Gym,33,1.3,65,Endurance
FT0388,29-04-2026,53,Female,12464,2162,14,9.3,7.9,66,Yoga,10,1.6,53,Weight Loss
FT0424,29-04-2026,42,Male,13773,2775,133,9.6,9.9,79,Running,101,3,33,Muscle Gain
FT0457,29-04-2026,24,Male,6769,2314,75,5.1,7.2,70,Walking,51,3.2,40,General Fitness
FT0626,29-04-2026,28,Female,8527,1998,39,5.8,7.6,71,Cycling,42,3.3,51,Weight Loss
FT0689,29-04-2026,37,Male,5572,1889,41,4.6,6.8,65,Yoga,45,2.9,35,Muscle Gain
FT1038,29-04-2026,18,Male,11592,2439,99,9.2,6.4,74,Walking,92,2,40,Weight Loss
FT1307,29-04-2026,28,Male,11423,2020,42,7.9,7.9,72,Gym,50,2.9,39,Muscle Gain
FT1311,29-04-2026,40,Male,6862,2235,94,6.4,7.8,87,Gym,97,3,42,Endurance
FT1445,29-04-2026,24,Male,7784,2049,65,5.4,5.3,75,Walking,49,2.2,37,Endurance
FT1830,29-04-2026,60,Male,8529,1999,30,7.8,7.3,67,Yoga,29,2.5,38,Endurance
FT1863,29-04-2026,54,Female,10358,2077,30,8.3,6.4,78,Walking,32,1.8,48,Muscle Gain
FT1883,29-04-2026,25,Female,7257,2329,87,5.8,6.7,77,Walking,61,3.3,58,Muscle Gain
FT2184,29-04-2026,45,Female,8537,1968,27,6.3,5.4,76,Running,44,2.4,48,General Fitness
FT2190,29-04-2026,43,Female,6004,1911,69,3.9,6.1,72,Gym,62,2.8,37,General Fitness
FT0385,30-04-2026,19,Male,7505,1960,41,6.1,6.8,67,Walking,55,1.2,54,Weight Loss
FT0564,30-04-2026,25,Female,6645,2088,48,5.3,6.9,73,Running,39,1.4,37,Weight Loss
FT1119,30-04-2026,49,Male,7018,2240,64,6.3,6.8,80,Walking,42,2.2,54,Muscle Gain
FT1354,30-04-2026,57,Male,10231,2153,61,7,7.3,74,Walking,48,2.1,47,Muscle Gain
FT1549,30-04-2026,39,Male,4913,1683,12,3.8,7.2,72,Walking,10,1.8,63,Endurance
FT1724,30-04-2026,49,Male,5351,2085,69,3.2,8.6,82,Cycling,63,2.6,55,Flexibility
FT1976,30-04-2026,20,Male,8818,2251,63,7.7,5.4,75,Gym,50,2,72,Weight Loss
FT2037,30-04-2026,43,Male,8206,2009,52,7.2,6.2,81,Gym,63,2.5,51,Weight Loss
FT2090,30-04-2026,18,Female,9603,2068,37,6.4,8,70,Yoga,35,1.6,61,Muscle Gain
FT0168,01-05-2026,25,Male,9278,2243,36,7.1,6.1,82,Running,48,2.1,38,Muscle Gain
FT0202,01-05-2026,57,Male,10462,2321,73,7.7,6.8,71,Cycling,61,1.8,32,Weight Loss
FT0272,01-05-2026,18,Male,10272,2550,67,8.3,7.8,78,Walking,66,2.8,59,General Fitness
FT0503,01-05-2026,59,Male,11332,2243,51,8.8,7,72,Running,43,1.9,50,Flexibility
FT0546,01-05-2026,20,Female,9049,2079,29,7.2,7.1,76,Cycling,36,1.9,50,Weight Loss
FT0667,01-05-2026,39,Male,10591,2331,67,9.3,5.4,82,Running,64,1.9,59,General Fitness
FT0885,01-05-2026,52,Male,7426,1777,25,6,8.1,72,Yoga,29,2.2,47,Weight Loss
FT0889,01-05-2026,18,Male,8902,2231,63,6.1,7.1,79,Walking,51,1.9,19,General Fitness
FT1071,01-05-2026,47,Female,8809,2261,32,6.8,6.6,63,Running,23,2.4,49,Flexibility
FT1197,01-05-2026,48,Male,6391,2059,66,3.9,6.9,77,Running,60,2.2,45,General Fitness
FT1272,01-05-2026,22,Female,6454,2197,94,5.4,5,70,Gym,92,1.5,36,Weight Loss
FT1446,01-05-2026,19,Female,8181,1979,40,5.5,7.2,72,Walking,35,1.9,34,General Fitness
FT1532,01-05-2026,18,Female,7244,2113,41,5.3,6.2,85,Running,43,2.2,22,Muscle Gain
FT1656,01-05-2026,27,Male,7349,2018,36,5.5,7.5,79,Walking,25,1.5,59,Muscle Gain
FT1675,01-05-2026,48,Male,9625,2362,63,6.8,7.5,72,Cycling,60,3.3,52,Muscle Gain
FT1821,01-05-2026,31,Male,6065,2215,100,5.5,6.1,78,Cycling,82,3.4,26,Flexibility
FT1824,01-05-2026,55,Male,6902,2266,104,5.3,8,74,Cycling,114,2,37,Muscle Gain
FT2147,01-05-2026,25,Female,4544,1835,45,2.3,5.3,70,Gym,67,1.7,47,Muscle Gain
FT2199,01-05-2026,42,Female,9247,2120,73,8,7.4,76,Walking,72,2.6,50,General Fitness
FT0321,02-05-2026,31,Male,11118,2190,49,7.1,7.2,77,Cycling,51,2.6,41,Muscle Gain
FT0406,02-05-2026,39,Female,10652,2140,77,8.5,6.1,61,Walking,63,2.4,43,Weight Loss
FT0589,02-05-2026,53,Male,4454,2120,97,3.5,7.2,74,Yoga,72,1.5,56,General Fitness
FT0773,02-05-2026,18,Male,8052,2399,97,5.2,6.8,84,Running,79,1.7,56,Muscle Gain
FT0922,02-05-2026,42,Female,5495,1824,25,4.2,5.6,78,Walking,40,3.1,32,Flexibility
FT1287,02-05-2026,57,Male,4298,1532,36,2.8,7.8,71,Cycling,39,2.9,46,Muscle Gain
FT1487,02-05-2026,24,Female,10004,2385,65,7.4,6.5,71,Running,73,1.9,61,Endurance
FT1504,02-05-2026,31,Male,7161,2046,44,5.7,8.7,72,Running,39,2.2,35,Muscle Gain
FT1509,02-05-2026,55,Male,8515,2334,45,7.6,7.3,85,Running,55,2.4,46,General Fitness
FT1715,02-05-2026,45,Female,6566,1912,36,5.1,7,72,Walking,27,2,48,General Fitness
FT1961,02-05-2026,54,Male,12243,2230,20,10.3,8,69,Cycling,23,1.2,61,Endurance
FT2056,02-05-2026,33,Female,7050,2188,81,6.1,6,73,Yoga,64,2.5,41,General Fitness
FT0150,03-05-2026,20,Male,6007,2290,61,4.4,5.7,72,Gym,77,3.1,61,Muscle Gain
FT0739,03-05-2026,49,Male,8550,2255,66,6.4,7.7,79,Running,62,2.2,50,Muscle Gain
FT0797,03-05-2026,59,Male,12475,2444,47,8.7,6.5,74,Cycling,43,3,35,General Fitness
FT0951,03-05-2026,22,Male,7944,2186,79,6.8,7.9,86,Running,51,2.2,41,Muscle Gain
FT1240,03-05-2026,19,Female,8872,2424,84,6.6,7.8,88,Running,68,1.7,50,General Fitness
FT1919,03-05-2026,37,Female,7213,2322,85,4.4,7.6,87,Running,60,2.3,18,Muscle Gain
FT1921,03-05-2026,34,Female,8716,1960,31,6.3,6.8,69,Walking,50,1.1,26,General Fitness
FT2044,03-05-2026,50,Female,7621,2271,76,5.7,9.1,75,Cycling,75,1.6,51,Endurance
FT2146,03-05-2026,37,Male,8812,2245,61,7.6,7.6,77,Walking,57,1.6,45,Weight Loss
FT0054,04-05-2026,38,Female,7562,2162,62,5.8,6.7,79,Running,66,1.6,48,General Fitness
FT0063,04-05-2026,33,Male,6683,2145,62,4.7,7.8,68,Cycling,62,1.2,47,Muscle Gain
FT0116,04-05-2026,42,Male,5830,2081,63,4.3,6.7,75,Walking,53,2.3,29,Muscle Gain
FT0271,04-05-2026,30,Female,11374,1945,42,7.9,5.9,70,Gym,51,1.3,35,Muscle Gain
FT0379,04-05-2026,34,Female,8582,2147,71,6,6.7,91,Walking,81,2.4,73,General Fitness
FT0380,04-05-2026,29,Female,10246,2278,78,7,8.3,80,Walking,48,1.8,44,General Fitness
FT0785,04-05-2026,38,Female,7356,2259,102,6.9,7.2,81,Cycling,99,4,62,Endurance
FT1140,04-05-2026,41,Male,9868,2523,78,7.2,7.4,81,Running,84,1,74,Flexibility
FT1208,04-05-2026,48,Female,3807,1636,58,2.9,7.1,72,Walking,47,2.7,42,Endurance
FT1290,04-05-2026,44,Female,2017,1608,62,2.1,7.6,78,Gym,58,1.4,54,Muscle Gain
FT1339,04-05-2026,51,Female,7050,1781,10,5,8.3,71,Walking,17,2.9,56,Weight Loss
FT1425,04-05-2026,28,Male,8707,2117,24,6.6,7.2,61,Walking,16,1.8,54,Weight Loss
FT1599,04-05-2026,54,Female,10693,2132,61,8.5,8.2,74,Gym,63,2.9,61,Endurance
FT1610,04-05-2026,23,Male,6961,2342,93,5.5,7.8,68,Walking,69,3.7,68,Endurance
FT0146,05-05-2026,54,Female,10705,2421,64,7.2,7.7,80,Running,58,2.4,64,Muscle Gain
FT0408,05-05-2026,24,Female,7516,2190,43,6.2,8.3,74,Cycling,42,2.3,38,General Fitness
FT0419,05-05-2026,30,Female,7459,1947,23,6.1,8.9,77,Yoga,27,1.9,35,General Fitness
FT0493,05-05-2026,50,Male,4437,1862,27,3.8,7.9,64,Walking,35,1.1,57,Muscle Gain
FT0526,05-05-2026,31,Male,9011,2284,71,6.6,6.1,66,Cycling,63,3.6,40,General Fitness
FT0554,05-05-2026,31,Female,8783,2304,74,5.6,6.5,86,Running,85,2.3,27,Weight Loss
FT0928,05-05-2026,30,Female,11198,2520,70,8.5,6.8,84,Walking,49,1.3,36,Muscle Gain
FT0986,05-05-2026,46,Female,10308,2332,64,8.5,7.6,72,Walking,45,2.6,59,Muscle Gain
FT0113,06-05-2026,41,Male,9771,2107,27,6.9,6.3,79,Cycling,33,2.5,39,Weight Loss
FT0139,06-05-2026,32,Female,7926,2241,74,6,8.7,81,Walking,69,1.7,45,General Fitness
FT0753,06-05-2026,21,Female,5051,2030,90,4.1,6.2,79,Cycling,74,1.8,48,General Fitness
FT1273,06-05-2026,58,Female,7941,2063,59,7.5,6.9,70,Walking,70,2,53,General Fitness
FT1346,06-05-2026,60,Male,3385,1837,52,2.5,8.6,62,Yoga,36,1.5,70,Muscle Gain
FT1359,06-05-2026,22,Female,7889,1883,41,6.2,7,63,Cycling,35,1.7,53,Flexibility
FT1543,06-05-2026,21,Male,6131,2083,35,4.9,5.7,68,Walking,31,1.4,52,General Fitness
FT1551,06-05-2026,30,Male,10096,2257,67,6.9,6.5,67,Walking,57,1.9,40,Flexibility
FT1700,06-05-2026,59,Male,7332,2010,54,4.8,7.4,66,Cycling,46,2.8,39,Endurance
FT1731,06-05-2026,51,Female,10066,2203,55,7.7,7.6,73,Walking,47,3.5,71,General Fitness
FT1902,06-05-2026,40,Male,5765,2215,54,5.2,6.6,73,Walking,35,1.9,45,Flexibility
FT1994,06-05-2026,45,Male,7175,1976,17,5.8,8.5,61,Cycling,21,2,38,Flexibility
FT0149,07-05-2026,53,Male,10345,2419,49,8.7,8.2,84,Running,63,2.6,49,Endurance
FT0330,07-05-2026,41,Female,9158,2040,53,6.6,8.2,72,Walking,70,2.3,52,General Fitness
FT0357,07-05-2026,24,Female,5096,2232,115,3.8,9.1,68,Walking,83,2,42,Weight Loss
FT0390,07-05-2026,24,Female,7749,2581,118,5.4,7.9,81,Running,101,1.4,61,Flexibility
FT0400,07-05-2026,31,Male,8886,2464,74,6.1,7.6,78,Running,55,2.2,33,Endurance
FT0444,07-05-2026,39,Female,8672,2043,71,7.5,5.4,79,Cycling,75,2.4,44,General Fitness
FT0474,07-05-2026,38,Male,9721,2051,10,6.9,6.8,59,Gym,10,2.6,50,General Fitness
FT0789,07-05-2026,41,Male,6563,1992,37,5.2,7,61,Walking,42,1.4,41,Endurance
FT0911,07-05-2026,51,Female,5275,2332,111,2.7,5.1,88,Gym,89,2,36,General Fitness
FT1036,07-05-2026,49,Male,5527,1901,51,3.9,6.5,58,Walking,41,3.5,48,Weight Loss
FT1184,07-05-2026,37,Male,9219,2259,67,7.4,7.1,71,Walking,49,2.1,40,Weight Loss
FT1479,07-05-2026,27,Female,11863,2292,23,9.7,7.6,60,Walking,41,2.2,46,General Fitness
FT2078,07-05-2026,36,Female,2793,2082,127,2.9,6.2,85,Gym,98,2.7,36,Endurance
FT0078,08-05-2026,27,Female,6981,1690,10,5.7,6.3,73,Yoga,10,2.7,40,Flexibility
FT0125,08-05-2026,54,Female,9139,2167,64,6.3,7.6,65,Walking,72,2.1,55,General Fitness
FT0409,08-05-2026,58,Female,5771,2345,64,5.1,8.1,72,Running,64,1.7,46,Muscle Gain
FT0425,08-05-2026,35,Male,8131,1793,44,6.8,7.2,72,Gym,40,3.1,35,General Fitness
FT0609,08-05-2026,59,Male,11247,1966,51,8.9,6.5,55,Cycling,31,1.8,51,Flexibility
FT0616,08-05-2026,45,Male,9380,2675,92,7.2,8.9,89,Running,73,3,53,General Fitness
FT0656,08-05-2026,40,Male,9895,2206,52,8.3,7.1,66,Cycling,50,2.3,42,Weight Loss
FT0669,08-05-2026,57,Female,8870,2128,37,6.7,6.4,88,Running,40,2.1,44,General Fitness
FT0975,08-05-2026,24,Female,7407,2381,106,5.6,7.5,78,Walking,92,2.6,47,General Fitness
FT1015,08-05-2026,40,Female,4739,1649,36,4.7,8.7,70,Walking,34,1.6,52,General Fitness
FT1514,08-05-2026,32,Male,7135,1822,16,4.3,6.6,69,Yoga,28,1.9,51,Flexibility
FT1659,08-05-2026,54,Male,12529,2501,67,10.6,5.7,78,Running,62,2.2,30,Endurance
FT1790,08-05-2026,50,Female,8126,2475,106,6.7,7.2,73,Running,119,2,49,Weight Loss
FT1974,08-05-2026,32,Male,10402,2480,84,6.6,6.5,79,Gym,87,0.9,38,Weight Loss
FT2053,08-05-2026,33,Female,5063,2199,88,4.1,6.4,74,Cycling,82,1.8,44,Muscle Gain
FT2076,08-05-2026,35,Female,10081,2082,42,6.1,7.8,80,Gym,38,3.4,69,Weight Loss
FT0079,09-05-2026,42,Female,7172,1902,24,5,7.9,83,Running,29,2.8,49,Weight Loss
FT0368,09-05-2026,31,Female,9508,2208,54,8.4,7.3,61,Walking,46,1.6,45,Flexibility
FT0467,09-05-2026,25,Female,5104,2499,107,3.8,7.6,76,Cycling,96,1.9,50,Muscle Gain
FT0723,09-05-2026,54,Male,11136,2697,47,8.4,7.1,88,Running,43,2.9,51,Weight Loss
FT0786,09-05-2026,43,Female,5228,2135,78,3,6.1,68,Yoga,82,2.5,57,General Fitness
FT0832,09-05-2026,28,Male,7968,2344,57,5.7,7.5,78,Cycling,67,1.7,32,General Fitness
FT1251,09-05-2026,28,Female,8724,1851,44,6.6,6.7,82,Walking,46,2,57,Muscle Gain
FT1497,09-05-2026,41,Female,10183,1984,53,8.8,6.4,77,Walking,30,1.6,64,Muscle Gain
FT1606,09-05-2026,56,Female,12235,2549,61,9.1,6.1,86,Cycling,56,2.7,43,Weight Loss
FT1692,09-05-2026,56,Female,11016,2845,141,7.5,5.8,75,Gym,113,1.8,37,Weight Loss
FT1706,09-05-2026,54,Female,7084,2030,29,5.5,6.2,70,Running,26,1.9,38,General Fitness
FT1862,09-05-2026,30,Male,8200,2158,56,6.5,8,71,Yoga,54,4,36,Muscle Gain
FT2027,09-05-2026,44,Male,8137,1924,29,6.1,7.4,66,Cycling,29,2.7,47,Muscle Gain
FT2157,09-05-2026,37,Female,11509,2361,65,7.7,4.8,74,Walking,95,2.1,37,Muscle Gain
FT0093,10-05-2026,54,Male,8421,1936,44,5.4,7.1,76,Yoga,61,2.6,27,Endurance
FT0318,10-05-2026,49,Male,11704,2319,58,7.8,6.5,84,Walking,48,2.8,42,General Fitness
FT0377,10-05-2026,49,Female,8727,2369,103,5.6,5,71,Running,86,2,25,General Fitness
FT0767,10-05-2026,44,Male,12040,2396,85,8.6,6.4,86,Running,90,1.8,69,Muscle Gain
FT0772,10-05-2026,60,Female,10102,1854,17,7.6,7,75,Cycling,27,2.4,59,Weight Loss
FT0865,10-05-2026,54,Male,5335,2119,61,5.1,6.5,73,Cycling,41,1.7,50,Muscle Gain
FT1498,10-05-2026,51,Female,8781,2291,80,7.1,7.7,78,Running,76,2.4,54,Weight Loss
FT1932,10-05-2026,38,Female,7306,2050,45,5.6,7.3,74,Yoga,40,3,50,General Fitness
FT1944,10-05-2026,19,Female,5348,2065,56,4.2,8,65,Walking,61,2.1,44,Weight Loss
FT2083,10-05-2026,31,Female,8411,2050,22,6.4,6.8,66,Gym,19,3.3,51,Weight Loss
FT2189,10-05-2026,37,Female,7720,1982,21,5.6,8.1,76,Running,10,2.8,52,Muscle Gain
FT0788,11-05-2026,47,Female,8702,2235,54,7.4,7.2,73,Cycling,47,2.7,33,Flexibility
FT1178,11-05-2026,26,Female,7912,1689,10,6.9,9.6,70,Walking,12,2.4,56,General Fitness
FT1247,11-05-2026,54,Male,6161,1585,10,4.5,6.7,77,Yoga,10,1.7,67,Endurance
FT1390,11-05-2026,57,Male,7069,1956,68,5.8,8.1,77,Gym,64,2.5,58,Flexibility
FT1810,11-05-2026,59,Male,6774,2242,84,5.2,6.3,80,Gym,71,2,43,Muscle Gain
FT1815,11-05-2026,55,Female,9391,1820,20,8.1,6.2,67,Walking,34,3.2,59,Muscle Gain
FT1854,11-05-2026,24,Male,5248,2017,56,4.3,5.7,63,Walking,33,2.5,48,Weight Loss
FT1964,11-05-2026,53,Male,11263,2304,73,8.3,8.2,84,Gym,64,2.2,31,Weight Loss
FT0030,12-05-2026,37,Male,5121,1919,63,1.7,6.8,76,Walking,65,1.5,33,General Fitness
FT0134,12-05-2026,42,Male,6822,2120,99,4.2,6.2,74,Walking,83,1.5,47,Flexibility
FT0191,12-05-2026,47,Female,5320,2057,66,4.3,7.4,82,Cycling,73,2.5,31,Muscle Gain
FT0355,12-05-2026,59,Female,7859,2123,48,6.4,6.9,80,Running,44,1.8,52,Weight Loss
FT0571,12-05-2026,58,Female,3165,2095,105,3,6.2,84,Running,80,2.4,44,Endurance
FT1687,12-05-2026,36,Male,8156,2350,59,5.6,5.9,61,Cycling,49,3.1,38,Weight Loss
FT0053,13-05-2026,33,Female,6584,2095,42,4.6,6.9,64,Walking,48,2.5,37,Weight Loss
FT0205,13-05-2026,37,Male,6704,2031,57,4.7,6.7,68,Gym,44,1.8,46,Flexibility
FT0438,13-05-2026,57,Male,11674,2437,74,7.9,7.8,78,Gym,74,1.5,59,Weight Loss
FT0450,13-05-2026,30,Female,8207,2180,52,6.6,5.5,81,Walking,63,2.3,45,General Fitness
FT0688,13-05-2026,43,Male,7906,1979,33,6.3,7.5,76,Running,29,2.3,56,General Fitness
FT1194,13-05-2026,48,Female,10357,2298,64,7.9,8.9,70,Walking,57,2.3,58,Muscle Gain
FT1223,13-05-2026,59,Female,6599,2046,86,4.4,9.6,72,Gym,94,2.9,67,Weight Loss
FT1368,13-05-2026,37,Male,6126,1936,17,4.3,7.5,70,Running,10,1.4,63,Endurance
FT1558,13-05-2026,51,Male,5157,1865,68,3.4,7.5,65,Cycling,65,1.2,59,General Fitness
FT1589,13-05-2026,55,Female,12618,2602,102,9.2,6,81,Running,82,1.9,38,Muscle Gain
FT1676,13-05-2026,60,Female,9575,2553,92,6.7,7.4,84,Running,86,1.9,43,General Fitness
FT1749,13-05-2026,52,Male,8249,2003,24,6.4,6.9,76,Walking,11,1,52,Muscle Gain
FT1855,13-05-2026,22,Female,9033,2224,39,6.6,7.8,72,Walking,48,1.4,45,General Fitness
FT1923,13-05-2026,53,Female,8468,2029,57,6.5,6.6,76,Walking,62,2.4,66,Muscle Gain
FT1953,13-05-2026,21,Male,10814,2292,83,8.5,6.5,78,Walking,67,2.5,54,Weight Loss
FT2011,13-05-2026,39,Female,8089,2038,39,5.2,8,67,Running,30,1.8,44,Endurance
FT2109,13-05-2026,30,Female,7637,2056,62,7.8,7.4,57,Walking,46,2.5,46,Flexibility
FT2134,13-05-2026,35,Female,5140,2277,83,5.5,7.4,89,Running,67,3.1,49,Weight Loss
FT0068,14-05-2026,33,Male,8088,2024,71,6.1,7.3,73,Cycling,56,2.3,53,Weight Loss
FT0161,14-05-2026,60,Female,9350,2228,34,6.7,6.1,81,Running,41,1,49,Muscle Gain
FT0197,14-05-2026,32,Female,8111,2363,82,5.1,6.1,79,Gym,65,2,46,Muscle Gain
FT0286,14-05-2026,58,Female,7716,2045,54,6.4,8.3,85,Gym,61,2.5,47,Weight Loss
FT0294,14-05-2026,32,Female,8567,2037,44,7.4,6.9,68,Walking,45,3.2,59,General Fitness
FT0327,14-05-2026,28,Female,3821,2380,107,3.9,7.7,76,Gym,107,1.5,42,Weight Loss
FT0645,14-05-2026,51,Male,4726,1569,14,4.3,7.4,72,Walking,26,2.3,57,General Fitness
FT0880,14-05-2026,45,Female,9815,2401,68,8.2,6.7,74,Gym,45,2,29,General Fitness
FT1239,14-05-2026,30,Male,5628,2143,89,5,7.3,75,Walking,86,2.3,63,Flexibility
FT1527,14-05-2026,31,Male,4834,2200,56,3.5,6.2,79,Walking,47,2.4,52,General Fitness
FT1576,14-05-2026,31,Female,11003,2382,70,8.5,7.6,69,Cycling,65,2.5,44,Weight Loss
FT1654,14-05-2026,43,Female,10111,1811,18,5.6,7.3,63,Yoga,16,3,57,General Fitness
FT0087,15-05-2026,22,Female,9988,2047,75,7.5,6.1,69,Cycling,68,1.7,46,Weight Loss
FT0289,15-05-2026,41,Male,8213,1791,43,7.8,6.8,71,Gym,45,1.8,54,General Fitness
FT0371,15-05-2026,32,Male,10373,2622,87,8.2,6.4,81,Running,64,2.1,40,Muscle Gain
FT0378,15-05-2026,50,Male,8915,1854,42,8.5,7.1,64,Cycling,34,1.7,37,Endurance
FT0811,15-05-2026,19,Female,8200,1898,28,5.7,7.3,74,Running,44,2.2,31,Weight Loss
FT0932,15-05-2026,48,Female,9981,2070,27,7.8,7.8,74,Walking,25,2.5,31,Muscle Gain
FT0950,15-05-2026,29,Female,7916,2344,96,5.1,9.1,70,Gym,66,1.6,43,Flexibility
FT0985,15-05-2026,43,Male,9242,2272,87,7.1,7.2,70,Gym,84,0.9,51,General Fitness
FT1186,15-05-2026,31,Female,8048,2179,47,5.4,7.1,69,Running,53,1.5,69,General Fitness
FT1743,15-05-2026,37,Female,8759,2187,72,6.9,7.5,64,Running,64,2,30,Muscle Gain
FT2010,15-05-2026,45,Male,9166,2572,72,6.7,6,85,Running,75,2.3,49,Weight Loss
FT2046,15-05-2026,60,Male,7283,1593,19,6,9.1,61,Walking,20,2.6,47,Endurance
FT0787,16-05-2026,19,Female,10176,2749,106,7.3,8.9,82,Cycling,65,3,44,General Fitness
FT1034,16-05-2026,31,Male,8087,2584,95,6.8,8.5,81,Running,96,1.8,48,Muscle Gain
FT1120,16-05-2026,39,Female,5801,2040,64,4.6,6.4,77,Cycling,60,2.6,59,Weight Loss
FT1252,16-05-2026,35,Male,6214,2037,64,4.4,6.8,73,Gym,81,2.8,53,General Fitness
FT1336,16-05-2026,60,Male,9583,1865,29,7,8.1,69,Walking,38,3.5,29,Muscle Gain
FT1453,16-05-2026,20,Male,11461,2590,47,8.5,7.4,79,Running,39,2.5,45,Muscle Gain
FT1473,16-05-2026,37,Male,9228,2343,41,7,5,65,Walking,44,2.1,35,Muscle Gain
FT1803,16-05-2026,37,Female,10811,2232,65,8.2,7.8,79,Walking,56,4,55,General Fitness
FT1852,16-05-2026,28,Male,6247,1902,34,4.7,6.4,63,Walking,25,2.2,57,Flexibility
FT0027,17-05-2026,35,Female,11496,2605,85,6.9,7.4,81,Running,79,1.8,31,Muscle Gain
FT0122,17-05-2026,46,Female,10646,2549,79,7.9,6.4,86,Running,76,1.1,52,General Fitness
FT0397,17-05-2026,19,Male,9314,2342,113,6.3,8.8,74,Running,92,3.3,57,Muscle Gain
FT0741,17-05-2026,53,Female,7527,2302,52,5.8,6.7,76,Running,44,3.3,45,Endurance
FT0867,17-05-2026,53,Male,6786,2060,51,4.7,8,76,Walking,46,4.1,55,General Fitness
FT0868,17-05-2026,54,Male,11385,2215,33,8.7,7.4,90,Running,40,1.5,51,General Fitness
FT1379,17-05-2026,39,Female,7598,2229,96,6.6,6.2,70,Walking,67,2,35,General Fitness
FT1585,17-05-2026,45,Female,9005,2369,85,6.9,5.2,78,Gym,100,2.6,43,Muscle Gain
FT1755,17-05-2026,44,Male,6017,2021,69,4.2,7.8,79,Gym,73,2.5,61,General Fitness
FT1811,17-05-2026,28,Male,8430,2305,37,5.7,7.5,76,Walking,50,1.9,36,General Fitness
FT2104,17-05-2026,23,Male,5752,2038,45,4.1,7.9,58,Walking,56,3.6,47,Flexibility
FT0200,18-05-2026,59,Female,4416,1846,68,3.9,9.1,73,Gym,61,2.3,42,Flexibility
FT0274,18-05-2026,59,Male,5819,2238,76,3.7,7.1,78,Running,72,1.6,53,Weight Loss
FT0476,18-05-2026,51,Female,10196,2602,103,6.7,7.7,91,Running,82,2.3,56,Weight Loss
FT0736,18-05-2026,46,Female,11741,2188,44,9.7,4.2,70,Running,50,2.5,56,Muscle Gain
FT0798,18-05-2026,37,Female,10885,2289,66,9.3,6.4,71,Cycling,72,1.8,39,Flexibility
FT0801,18-05-2026,18,Male,6477,2391,113,5.2,7.5,90,Running,88,2.2,40,Muscle Gain
FT0963,18-05-2026,54,Female,5145,2098,57,4.6,8.5,73,Running,48,2.9,46,General Fitness
FT0965,18-05-2026,58,Female,4839,2300,118,4.1,7.7,90,Gym,107,2.3,40,Flexibility
FT1033,18-05-2026,49,Male,9658,1955,22,6.8,6.1,70,Walking,26,2.3,62,Flexibility
FT1189,18-05-2026,42,Female,5345,2062,65,5.1,8.1,66,Running,61,2.3,43,Weight Loss
FT1202,18-05-2026,38,Male,8038,2282,22,7,7.6,80,Running,26,0.8,55,Weight Loss
FT1264,18-05-2026,53,Male,7025,2149,78,6.3,7.3,67,Gym,69,2.3,57,Weight Loss
FT1279,18-05-2026,18,Female,8004,2246,64,7.1,8.1,82,Running,69,1.3,44,Weight Loss
FT1707,18-05-2026,60,Female,8407,2111,73,6.9,8.6,77,Gym,63,1.3,39,Muscle Gain
FT2082,18-05-2026,21,Female,7014,2480,138,6.3,9.4,77,Gym,111,2,42,Weight Loss
FT2194,18-05-2026,27,Female,7632,2197,56,6.2,6.6,82,Running,54,2.8,57,Weight Loss
FT0227,19-05-2026,52,Female,7200,2115,36,6.1,8.9,81,Walking,31,3.4,68,Weight Loss
FT0285,19-05-2026,36,Male,6702,1939,42,5.5,8,63,Yoga,40,2.6,29,General Fitness
FT0326,19-05-2026,27,Female,6815,2243,84,6.6,8.4,71,Cycling,59,1.5,70,Flexibility
FT1230,19-05-2026,30,Female,9448,2325,87,7.2,6.9,65,Cycling,59,1.4,58,General Fitness
FT1436,19-05-2026,22,Male,9334,2040,10,7.4,6.9,73,Gym,15,1.9,46,General Fitness
FT1880,19-05-2026,22,Male,6072,2405,139,5.6,6.7,89,Cycling,105,1.4,54,Weight Loss
FT0066,20-05-2026,32,Male,9679,2142,37,7,7.8,70,Running,52,1.1,74,Muscle Gain
FT0311,20-05-2026,46,Male,6262,2241,121,5.8,5.9,76,Cycling,93,2.2,38,Endurance
FT0381,20-05-2026,18,Female,10112,2434,85,8,6.7,76,Gym,72,1.7,57,Flexibility
FT0421,20-05-2026,57,Female,10462,2000,47,8.4,8.6,77,Cycling,35,2.1,46,Weight Loss
FT0747,20-05-2026,40,Female,6983,2006,58,4.9,6.5,85,Walking,59,2.3,46,Weight Loss
FT0939,20-05-2026,37,Male,10665,2529,55,7.6,8.6,67,Cycling,56,2.9,40,General Fitness
FT1056,20-05-2026,60,Male,10308,2231,52,7.8,9,80,Gym,62,2.7,38,Muscle Gain
FT1095,20-05-2026,32,Male,9307,2130,65,7,7.4,72,Running,70,2.7,44,Muscle Gain
FT1459,20-05-2026,29,Female,8332,2509,115,6.2,6.4,92,Walking,96,3.1,48,Endurance
FT2068,20-05-2026,57,Female,5891,2086,58,6.3,8,79,Gym,66,2.7,52,Flexibility
FT2092,20-05-2026,32,Female,9252,2174,54,6.8,7.5,76,Running,49,2,70,Weight Loss
FT2152,20-05-2026,31,Male,6998,2037,50,5.5,6.1,73,Cycling,52,2.7,33,Muscle Gain
FT0203,21-05-2026,39,Male,7727,1792,27,6.5,7,69,Walking,26,2.7,47,General Fitness
FT0466,21-05-2026,59,Female,7627,2256,74,5.5,7.3,70,Gym,72,2.5,61,General Fitness
FT0908,21-05-2026,25,Female,9083,2172,54,7.1,8.2,63,Walking,43,3.4,57,Flexibility
FT1024,21-05-2026,54,Female,10353,2032,36,7.9,7,77,Walking,48,1.8,28,Weight Loss
FT1027,21-05-2026,21,Female,9415,2051,32,7.8,8.6,64,Walking,42,2.3,32,Muscle Gain
FT1050,21-05-2026,23,Female,2088,1853,56,0.9,5.6,75,Gym,62,1.7,48,Flexibility
FT1235,21-05-2026,45,Female,7978,2271,80,7.3,6,77,Cycling,58,2.1,59,Flexibility
FT1374,21-05-2026,36,Female,8356,2242,14,6.8,7.5,82,Running,15,3.6,62,Endurance
FT1893,21-05-2026,55,Female,8784,2307,96,6.8,7.5,71,Walking,85,1.3,47,Flexibility
FT0140,22-05-2026,36,Female,4864,2128,76,4.6,5.4,73,Cycling,93,3.3,50,Weight Loss
FT0577,22-05-2026,57,Male,14637,2552,62,12,6.8,78,Walking,61,1.1,43,Flexibility
FT0583,22-05-2026,22,Male,7973,1932,53,6,5.6,78,Gym,46,2.4,30,General Fitness
FT0730,22-05-2026,46,Female,6224,1970,59,5.4,6.3,86,Yoga,51,2.5,46,Weight Loss
FT1286,22-05-2026,20,Male,9950,2212,71,7.8,5.2,76,Gym,57,2.9,49,Weight Loss
FT1470,22-05-2026,20,Male,9260,2141,42,7.1,8,71,Gym,43,2.4,39,General Fitness
FT1611,22-05-2026,51,Male,5334,2099,100,3.9,6.1,80,Walking,79,2.1,53,Muscle Gain
FT1620,22-05-2026,60,Male,8418,2333,43,6.3,8.1,72,Running,34,2.4,52,Weight Loss
FT1780,22-05-2026,47,Female,10239,2088,59,7.8,7.1,70,Gym,58,1.9,32,Weight Loss
FT0023,23-05-2026,25,Male,9004,1974,53,7,6.3,69,Gym,40,1.5,65,Weight Loss
FT0126,23-05-2026,42,Male,9619,2303,59,7.7,7.8,76,Cycling,53,2.4,62,Endurance
FT0694,23-05-2026,58,Male,10352,2713,100,7.6,5.7,75,Running,87,2.3,40,Flexibility
FT0733,23-05-2026,57,Female,8467,2116,80,6.5,6.8,72,Cycling,73,2.6,45,Weight Loss
FT0937,23-05-2026,24,Male,5961,2154,59,3.9,8.3,85,Running,54,2.4,65,Muscle Gain
FT1726,23-05-2026,51,Male,7742,1963,51,4,5.1,75,Cycling,45,2.3,51,Weight Loss
FT1884,23-05-2026,54,Male,11616,2147,48,8,6.5,67,Cycling,55,2.3,36,Flexibility
FT0061,24-05-2026,57,Female,11140,2101,47,8.8,6.6,74,Running,50,1.6,56,General Fitness
FT0245,24-05-2026,45,Male,8784,2139,34,6.6,7.2,75,Running,39,2.6,62,Weight Loss
FT0520,24-05-2026,43,Female,11896,2511,91,9.4,8.3,83,Gym,80,1.1,49,General Fitness
FT0527,24-05-2026,57,Female,8855,2409,102,7.3,5.5,76,Walking,84,2.5,41,General Fitness
FT0668,24-05-2026,55,Female,12380,1952,41,10.6,5.6,72,Walking,24,2.8,26,Flexibility
FT0673,24-05-2026,45,Male,7975,2297,59,6,8.2,77,Cycling,55,2,61,General Fitness
FT0678,24-05-2026,21,Female,6362,2119,68,4.1,6.3,64,Walking,35,2.7,61,Weight Loss
FT0693,24-05-2026,58,Female,8643,2204,65,7.1,7.9,80,Walking,53,2.2,49,Endurance
FT1330,24-05-2026,32,Male,5117,1764,11,5.1,6.6,69,Walking,19,2.2,43,Muscle Gain
FT1399,24-05-2026,19,Male,12449,2232,31,9,6,66,Cycling,36,2.2,71,Muscle Gain
FT1688,24-05-2026,35,Male,10128,2179,74,7.1,7.5,77,Walking,59,0.8,44,General Fitness
FT1756,24-05-2026,31,Male,6281,1634,10,5.3,8.4,65,Walking,11,2.5,63,Muscle Gain
FT1761,24-05-2026,34,Female,7011,2076,38,5.8,7.6,65,Walking,39,2.2,53,General Fitness
FT0142,25-05-2026,27,Female,7045,1878,44,5.6,5.9,65,Walking,34,2.2,45,Muscle Gain
FT0309,25-05-2026,31,Male,11880,2103,71,9.7,7.4,72,Walking,65,1.9,62,Weight Loss
FT0455,25-05-2026,43,Female,14310,2753,89,11.2,7.5,82,Running,78,0.9,41,Endurance
FT0574,25-05-2026,20,Female,9671,2202,51,6.9,8.1,71,Walking,47,1.9,47,Weight Loss
FT0824,25-05-2026,45,Female,10782,2445,45,7.4,9.5,68,Running,47,2.5,46,Flexibility
FT0955,25-05-2026,51,Female,6786,2403,120,5.2,6.7,75,Gym,116,2.6,70,General Fitness
FT1074,25-05-2026,40,Female,11306,2094,59,8.7,7.2,61,Walking,45,2.4,59,Endurance
FT1249,25-05-2026,31,Female,5413,1996,80,4.7,8.4,77,Gym,74,2.9,67,Endurance
FT1317,25-05-2026,48,Female,11723,2080,49,8.9,6.8,76,Walking,36,2.5,64,Endurance
FT1500,25-05-2026,54,Male,7278,2162,77,4.7,6.2,75,Gym,76,3,56,Weight Loss
FT1989,25-05-2026,27,Male,8147,2560,76,6.8,7,75,Running,56,2.6,51,Endurance
FT2181,25-05-2026,48,Male,9307,2142,64,6.1,6.3,70,Walking,61,2.2,55,Endurance
FT0021,26-05-2026,39,Male,6160,2155,53,3,7,80,Walking,40,1.9,35,Endurance
FT0473,26-05-2026,36,Male,9239,2075,66,7.3,5.7,62,Gym,73,3.5,23,General Fitness
FT0595,26-05-2026,31,Male,7222,1866,13,4.8,5.5,60,Yoga,17,2.9,56,Flexibility
FT0711,26-05-2026,47,Female,5587,1824,44,6,6.5,74,Walking,44,2.8,59,Weight Loss
FT0898,26-05-2026,20,Female,8484,2165,65,6.7,6.8,62,Gym,74,2.9,60,Weight Loss
FT1088,26-05-2026,60,Male,10607,2283,33,8.5,4.9,78,Walking,41,1.2,64,Flexibility
FT1130,26-05-2026,45,Male,13780,2220,65,10.8,6.6,81,Walking,48,3,64,Endurance
FT1201,26-05-2026,55,Male,5489,1744,10,4,7.5,66,Walking,18,1.1,48,General Fitness
FT1385,26-05-2026,34,Male,4861,1995,63,4.6,7.8,76,Yoga,61,2.9,59,General Fitness
FT1417,26-05-2026,45,Female,7692,2028,51,5,6.8,92,Running,38,2.4,44,Endurance
FT1857,26-05-2026,34,Female,10928,1986,40,8.2,7.4,78,Running,34,2.6,70,General Fitness
FT1894,26-05-2026,48,Male,6966,1977,50,6,8,66,Cycling,59,3.1,50,General Fitness
FT1914,26-05-2026,51,Male,6567,1963,22,5.1,6.6,67,Yoga,21,2.6,55,General Fitness
FT1952,26-05-2026,44,Female,10670,2321,55,9.1,7,87,Walking,43,1.1,45,Weight Loss
FT2012,26-05-2026,34,Female,10190,2271,57,6.8,8.9,73,Walking,59,1.8,45,General Fitness
FT0244,27-05-2026,45,Male,7675,1893,59,4.9,6.9,82,Walking,61,3.3,77,General Fitness
FT0636,27-05-2026,47,Male,7504,1915,31,5.9,7.7,62,Walking,30,1.5,42,General Fitness
FT0647,27-05-2026,37,Male,7553,2187,74,5.3,7.7,81,Walking,59,2.3,65,Flexibility
FT0757,27-05-2026,49,Female,8557,2472,63,7.1,8.2,91,Running,77,2.8,46,Weight Loss
FT0982,27-05-2026,48,Female,12268,2396,69,10.6,6.3,84,Running,87,2.7,30,General Fitness
FT1028,27-05-2026,30,Female,9976,2364,76,7.9,6.9,65,Gym,74,1.8,48,Endurance
FT1419,27-05-2026,55,Male,7312,1787,10,5.1,7.8,68,Cycling,10,1.5,43,Flexibility
FT1550,27-05-2026,18,Male,7280,1911,44,5.1,7.2,83,Gym,53,2,60,Weight Loss
FT1969,27-05-2026,54,Male,8801,2021,33,7.5,8.5,70,Yoga,27,2.4,51,Weight Loss
FT1993,27-05-2026,30,Male,7866,2080,46,4.5,7.9,76,Gym,61,2,56,General Fitness
FT2041,27-05-2026,30,Female,10940,2636,97,8.4,6.5,80,Running,91,1.2,35,Flexibility
FT0178,28-05-2026,24,Female,8909,2047,24,7.1,5.6,74,Yoga,26,3.5,35,General Fitness
FT0383,28-05-2026,58,Male,9501,2025,33,6.6,6,75,Running,27,3.5,18,Endurance
FT0579,28-05-2026,56,Male,9360,2083,56,6.3,8.3,85,Walking,44,2.5,58,General Fitness
FT0810,28-05-2026,60,Male,4023,2093,99,4.2,7.3,83,Cycling,92,2.6,66,Muscle Gain
FT0841,28-05-2026,30,Female,9438,2034,37,8.5,7.9,76,Running,42,3.4,59,Endurance
FT1280,28-05-2026,55,Male,6142,1792,14,4,7.8,70,Walking,24,1.5,45,Flexibility
FT1294,28-05-2026,18,Female,7021,2226,106,5.8,5.8,73,Walking,76,2.5,33,Weight Loss
FT1650,28-05-2026,53,Female,6439,2078,75,3.2,6.9,77,Gym,70,2.4,65,General Fitness
FT1945,28-05-2026,34,Male,8643,2430,75,7,7.6,74,Running,62,2.4,33,Muscle Gain
FT1948,28-05-2026,57,Male,2524,1720,36,1.4,9,74,Walking,36,2.6,45,Muscle Gain
FT1987,28-05-2026,53,Female,9110,1860,34,8.6,6.5,70,Gym,14,1.1,36,Weight Loss
FT0351,29-05-2026,40,Male,15678,2076,15,11.9,6.4,72,Running,27,2.3,37,General Fitness
FT0525,29-05-2026,31,Female,11215,2211,44,8.4,8,63,Gym,55,4.1,53,General Fitness
FT1081,29-05-2026,57,Male,8797,1977,45,5.6,6.7,69,Cycling,38,1.9,66,Muscle Gain
FT1324,29-05-2026,56,Female,7092,2212,82,5,6,73,Gym,84,2.2,36,Weight Loss
FT1331,29-05-2026,37,Male,11292,2357,48,8.6,7.3,74,Walking,59,1.8,53,Weight Loss
FT1607,29-05-2026,24,Male,4376,2068,81,3.2,7.5,81,Gym,86,3.2,43,Muscle Gain
FT1968,29-05-2026,38,Female,5117,2004,57,3.6,6.7,82,Gym,51,2.5,47,Weight Loss
FT2060,29-05-2026,35,Female,10733,2414,96,8.2,6.2,84,Gym,69,2.2,49,Endurance
FT2084,29-05-2026,46,Female,10986,2096,38,9.6,8,66,Walking,39,3,45,General Fitness
FT0491,30-05-2026,58,Female,8914,2155,68,6.1,7,82,Walking,59,2.7,34,Endurance
FT0586,30-05-2026,57,Female,4858,1859,44,3.9,6.7,76,Walking,49,2.6,69,Muscle Gain
FT0973,30-05-2026,38,Female,10196,2145,50,8,6.8,67,Gym,51,2.6,63,Muscle Gain
FT1040,30-05-2026,53,Male,5595,1927,52,3.6,7.9,71,Gym,56,2.4,48,General Fitness
FT1211,30-05-2026,44,Male,8973,1959,15,7.3,8.1,73,Cycling,10,2.2,49,Muscle Gain
FT1291,30-05-2026,28,Male,7695,1921,34,5.3,8.1,71,Walking,25,1.7,58,Endurance
FT1304,30-05-2026,56,Male,7812,2211,83,5.5,5.4,73,Cycling,68,2.6,45,Endurance
FT1340,30-05-2026,35,Male,8287,1869,17,7.4,8.7,79,Walking,22,2.5,46,Weight Loss
FT1595,30-05-2026,48,Male,5092,2041,75,4.5,7.7,71,Gym,59,2.9,63,Weight Loss
FT1958,30-05-2026,40,Female,9136,2411,72,6.9,8.6,83,Running,65,2.1,36,Weight Loss
FT1972,30-05-2026,57,Male,8868,2120,48,6.8,5.7,57,Gym,55,1.4,56,Weight Loss
FT2166,30-05-2026,57,Female,4965,1830,61,4,5.9,81,Gym,56,2.5,71,Muscle Gain
FT0005,31-05-2026,36,Female,7035,1794,61,4.9,6.2,77,Gym,66,1.1,58,General Fitness
FT0014,31-05-2026,50,Male,5471,2107,82,4.2,6,74,Cycling,77,2.4,72,Flexibility
FT0179,31-05-2026,56,Male,7068,2009,42,4.8,7,74,Yoga,44,1.6,49,General Fitness
FT0206,31-05-2026,29,Male,6324,2062,65,4.4,8.5,70,Cycling,62,2.3,40,Muscle Gain
FT0469,31-05-2026,25,Female,7513,1709,67,7.1,5.5,72,Cycling,66,2.8,65,Muscle Gain
FT0808,31-05-2026,22,Female,7777,1929,26,5.6,7,64,Gym,27,2.8,42,Muscle Gain
FT0843,31-05-2026,57,Female,7294,1990,46,5.5,7.7,70,Walking,42,1.3,58,Endurance
FT0870,31-05-2026,19,Female,7982,2533,81,6.1,4.9,72,Running,89,2.5,49,Flexibility
FT0916,31-05-2026,37,Male,8056,1959,30,8.2,6.5,68,Walking,35,2.8,39,Flexibility
FT0938,31-05-2026,24,Female,8890,2095,56,6.9,8.2,80,Gym,43,2.9,58,Endurance
FT1070,31-05-2026,18,Female,11602,2607,61,8.9,5.7,83,Running,48,2.1,38,Flexibility
FT1203,31-05-2026,60,Female,7940,1989,37,6.1,7.5,64,Cycling,28,2.6,45,Muscle Gain
FT1415,31-05-2026,43,Female,6743,1848,13,5.2,7.6,71,Cycling,18,0.8,40,Endurance
FT1491,31-05-2026,29,Male,9160,2157,82,6.7,7.2,79,Running,81,3.1,64,Flexibility
FT1501,31-05-2026,40,Female,8714,2603,115,7.2,6.3,104,Running,81,1.5,55,Weight Loss
FT1502,31-05-2026,29,Male,5354,1841,43,3.4,7.4,69,Walking,36,2.4,61,Endurance
FT1805,31-05-2026,23,Female,7474,2169,75,5.1,6.8,81,Gym,63,3,56,Muscle Gain
FT1872,31-05-2026,26,Male,5745,2509,98,5.2,7.1,86,Cycling,89,3,63,General Fitness
FT2072,31-05-2026,45,Male,7170,2009,67,4.4,6.6,75,Yoga,56,1.6,34,General Fitness
FT2100,31-05-2026,28,Male,6572,2129,59,4.7,6.5,70,Walking,48,1.8,56,General Fitness
FT2135,31-05-2026,36,Female,6018,2358,91,5.7,7,74,Gym,62,2,44,General Fitness
FT2187,31-05-2026,31,Male,8522,2190,87,6.8,7.6,63,Gym,76,1.8,66,Flexibility
FT0198,01-06-2026,23,Female,9516,2257,115,9.2,8.6,64,Gym,91,1.3,46,Flexibility
FT0313,01-06-2026,23,Male,4459,1893,30,3.3,7,70,Cycling,33,1.6,40,Endurance
FT0441,01-06-2026,59,Male,9755,2149,10,6.2,9,77,Walking,23,3.8,35,General Fitness
FT0661,01-06-2026,25,Female,9819,2360,69,7.1,6.9,79,Running,62,2.1,85,General Fitness
FT0912,01-06-2026,25,Female,9592,2330,88,6.9,8,90,Running,62,3.2,45,General Fitness
FT1285,01-06-2026,34,Female,7647,2237,97,5.1,6.9,80,Cycling,82,0.8,39,Flexibility
FT1362,01-06-2026,20,Male,8651,2489,98,7.2,6.4,81,Yoga,72,2.3,24,Weight Loss
FT1578,01-06-2026,52,Male,11291,2408,88,9,7.6,93,Gym,68,2.3,29,General Fitness
FT1778,01-06-2026,25,Female,6967,2057,82,5.5,8,85,Walking,80,2.5,44,Weight Loss
FT2028,01-06-2026,58,Female,7787,2028,45,5,7.5,67,Yoga,39,2.1,35,Weight Loss
FT2182,01-06-2026,28,Female,9482,1972,26,7.1,7.3,76,Walking,23,1.2,46,General Fitness
FT0074,02-06-2026,23,Male,4535,1506,12,4.1,5.2,77,Walking,10,1.4,38,Flexibility
FT0252,02-06-2026,39,Male,7082,2039,35,4.9,6.4,73,Cycling,42,2.1,48,Endurance
FT0282,02-06-2026,38,Female,6549,1969,40,5.3,6.5,69,Gym,58,2.6,36,General Fitness
FT0472,02-06-2026,52,Male,10422,1990,24,7.1,6.2,78,Yoga,30,2.1,75,Weight Loss
FT0538,02-06-2026,22,Male,11311,2173,43,9.7,7.3,67,Walking,46,2.9,39,Weight Loss
FT1536,02-06-2026,19,Female,7811,2233,92,5.2,5.3,66,Gym,70,1.6,70,General Fitness
FT1710,02-06-2026,27,Female,8716,2317,82,6.9,5.6,82,Running,71,2,39,Weight Loss
FT1804,02-06-2026,29,Male,9033,2155,46,6.4,8.8,68,Cycling,49,2.9,16,General Fitness
FT1966,02-06-2026,49,Female,6882,2062,69,5.9,6.6,74,Walking,95,2.5,49,Endurance
FT1998,02-06-2026,60,Female,9342,2085,63,6.1,7,69,Walking,66,2.5,58,General Fitness
FT0334,03-06-2026,53,Female,11127,2725,93,9.8,6,75,Running,71,1.8,60,Muscle Gain
FT1004,03-06-2026,56,Male,5274,1838,24,3.6,7.7,73,Running,24,2.2,44,Weight Loss
FT1132,03-06-2026,46,Male,7742,1957,34,6,5.5,60,Yoga,28,1.8,47,General Fitness
FT1369,03-06-2026,59,Male,10794,2185,43,7.9,7.9,74,Gym,65,2.4,38,Muscle Gain
FT1570,03-06-2026,60,Female,6922,1992,35,5.5,8.5,81,Cycling,27,3.1,56,General Fitness
FT1732,03-06-2026,56,Female,7309,2057,77,5.8,6.9,74,Gym,53,3.1,50,Endurance
FT1973,03-06-2026,47,Male,3799,1816,86,2.9,8.6,77,Gym,86,2.8,65,General Fitness
FT0144,04-06-2026,35,Female,9157,2380,85,6.7,6.9,81,Running,86,2.6,49,Muscle Gain
FT0360,04-06-2026,50,Female,10779,2407,81,7.9,7.6,79,Walking,66,4.2,44,Endurance
FT0536,04-06-2026,24,Female,10505,2068,20,7.9,8.6,82,Running,11,2.6,43,Endurance
FT0780,04-06-2026,54,Male,6522,2629,81,4.2,6.6,82,Running,77,3.2,26,Muscle Gain
FT0931,04-06-2026,41,Female,5133,1589,12,4.1,6,69,Yoga,11,3,44,Muscle Gain
FT2094,04-06-2026,26,Male,8160,2242,49,6,5.4,74,Running,45,2.5,54,Weight Loss
FT0201,05-06-2026,33,Female,10305,2313,101,8.5,7.9,85,Running,81,2.7,51,General Fitness
FT0284,05-06-2026,39,Male,3605,2204,100,2.7,7,84,Gym,69,0.8,37,Muscle Gain
FT0566,05-06-2026,28,Male,9515,2103,81,7.2,7.2,87,Running,69,1.5,46,General Fitness
FT1014,05-06-2026,31,Male,10820,2285,81,9.3,6.7,82,Gym,78,1.3,50,General Fitness
FT1511,05-06-2026,32,Male,7305,2336,94,6.7,6.4,68,Cycling,100,1,21,Muscle Gain
FT1753,05-06-2026,45,Male,9184,2663,146,6.9,7.6,74,Cycling,97,3.6,52,Flexibility
FT1785,05-06-2026,49,Male,7928,1965,13,7.1,8.5,65,Yoga,15,2.6,47,Muscle Gain
FT0184,06-06-2026,47,Male,8617,2180,80,5.9,5.8,75,Cycling,74,1.4,54,General Fitness
FT0483,06-06-2026,28,Female,6823,2015,39,5.8,5.8,73,Yoga,42,3.2,42,General Fitness
FT0806,06-06-2026,51,Female,2425,1954,64,1.6,7.7,61,Walking,49,2.2,64,Flexibility
FT0874,06-06-2026,23,Female,7209,2313,99,5.8,9.2,72,Running,88,2.1,51,General Fitness
FT1217,06-06-2026,39,Female,9079,2247,56,5.3,7.2,76,Running,53,1.8,80,General Fitness
FT1389,06-06-2026,56,Female,6886,2143,92,5.1,8.9,78,Gym,73,2.4,44,Muscle Gain
FT1421,06-06-2026,58,Female,7481,2366,82,6.4,7.8,80,Running,89,3.1,65,General Fitness
FT1450,06-06-2026,22,Female,12826,2418,93,9.7,6.2,68,Walking,91,2.3,32,Flexibility
FT1451,06-06-2026,30,Male,10124,2319,77,8.4,6.4,66,Walking,57,1.3,54,Weight Loss
FT0108,07-06-2026,46,Female,9308,2130,38,6.9,8.3,76,Walking,42,3,54,Weight Loss
FT1238,07-06-2026,23,Female,2450,2011,60,1.1,4.9,70,Gym,56,2.2,68,Endurance
FT1422,07-06-2026,60,Male,8237,2078,63,6.7,6.4,71,Cycling,63,2.4,42,Weight Loss
FT1478,07-06-2026,34,Male,10484,2029,18,7.8,7.7,76,Walking,22,1.9,40,Weight Loss
FT1874,07-06-2026,58,Male,5144,1884,40,3.8,7.6,76,Walking,31,2.2,31,Endurance
FT0018,08-06-2026,23,Male,11269,2306,41,8.2,6.3,76,Walking,29,2.2,40,Flexibility
FT0076,08-06-2026,38,Male,11722,2571,75,9.3,7.8,75,Running,57,2.6,30,Flexibility
FT0124,08-06-2026,38,Male,7739,2191,63,6.3,6.6,81,Running,48,1.5,61,General Fitness
FT0132,08-06-2026,41,Male,8256,2167,75,5.6,6.9,69,Cycling,65,2.1,61,Flexibility
FT0290,08-06-2026,38,Female,8445,2202,36,7.3,4.6,78,Running,40,2.8,66,General Fitness
FT1091,08-06-2026,39,Female,9487,1887,42,6.9,5.6,67,Walking,60,1.9,39,General Fitness
FT1315,08-06-2026,56,Female,6719,2327,61,5,6.4,68,Running,49,2.3,53,Weight Loss
FT1320,08-06-2026,35,Male,5513,1900,38,3.5,7.5,62,Cycling,38,1.4,55,General Fitness
FT1325,08-06-2026,55,Male,6922,2375,95,4.5,7,65,Walking,74,1.5,36,Weight Loss
FT1334,08-06-2026,52,Female,6871,1987,66,5.9,6.6,73,Walking,68,2.4,43,Endurance
FT1375,08-06-2026,56,Female,9487,2015,59,7.5,8.2,79,Cycling,56,2.3,57,Weight Loss
FT1431,08-06-2026,38,Male,10284,2224,32,7.6,5.8,81,Running,37,2.1,46,Endurance
FT1807,08-06-2026,18,Male,8055,2320,79,5.9,9,71,Walking,53,2.4,40,Muscle Gain
FT2017,08-06-2026,35,Female,7710,2210,69,6.3,5.3,74,Walking,58,2.6,56,Muscle Gain
FT2165,08-06-2026,59,Female,8583,2038,39,7.2,7.8,60,Walking,38,2.2,50,Weight Loss
FT0158,09-06-2026,41,Male,5890,2007,51,4,7.2,75,Yoga,34,1.9,45,General Fitness
FT0280,09-06-2026,21,Female,9532,2381,120,7.3,6.1,74,Walking,90,2.5,36,General Fitness
FT0291,09-06-2026,52,Male,8301,1962,44,7,7.5,70,Gym,59,3.2,42,Muscle Gain
FT0306,09-06-2026,24,Female,8386,1749,26,5.9,7.1,57,Walking,32,0.8,60,Muscle Gain
FT0541,09-06-2026,48,Male,7378,1936,50,5.4,5,71,Gym,49,3.3,40,General Fitness
FT0821,09-06-2026,19,Female,6936,2024,28,4.9,5.7,69,Yoga,17,2.2,59,Endurance
FT0862,09-06-2026,57,Female,8671,2177,62,7.5,7,77,Running,66,1.6,34,General Fitness
FT0895,09-06-2026,50,Female,10276,2198,24,8.6,6.3,73,Walking,25,2.8,59,Weight Loss
FT1008,09-06-2026,39,Male,8180,1929,36,6,6.6,77,Running,24,2.3,49,Muscle Gain
FT1248,09-06-2026,37,Male,7605,2323,91,5.7,6.7,82,Walking,63,1.3,49,Muscle Gain
FT1277,09-06-2026,46,Male,4212,2222,90,3,7.3,72,Gym,95,1.7,42,General Fitness
FT1316,09-06-2026,30,Female,12136,2399,80,9.7,7.6,78,Running,95,1.1,48,General Fitness
FT1387,09-06-2026,42,Male,12248,2152,41,8.8,6.3,92,Running,34,1.8,66,Muscle Gain
FT1448,09-06-2026,59,Female,7830,2180,77,5.2,7.2,65,Cycling,71,2.5,42,General Fitness
FT1895,09-06-2026,23,Male,8993,2079,30,6.8,6.8,69,Gym,38,3.1,38,General Fitness
FT2029,09-06-2026,40,Male,12249,2803,100,8.7,7.4,76,Running,73,2.3,46,Weight Loss
FT2080,09-06-2026,23,Female,9303,2600,105,8,5.4,73,Gym,81,1.6,57,General Fitness
FT2114,09-06-2026,57,Male,8877,2115,51,6.9,7.5,75,Walking,54,2.3,39,Weight Loss
FT0131,10-06-2026,42,Female,6541,2057,85,4.5,5.3,70,Cycling,57,2.8,65,Flexibility
FT0281,10-06-2026,29,Female,8962,2141,45,6,6.9,76,Gym,32,2.4,51,Endurance
FT0515,10-06-2026,59,Male,13147,2653,85,9.4,8.6,93,Running,72,2.7,46,Weight Loss
FT0601,10-06-2026,44,Male,7794,2270,40,6.6,6.8,84,Walking,46,2.6,53,Muscle Gain
FT0742,10-06-2026,50,Male,8622,2252,72,6.6,4.6,68,Gym,54,3.5,55,General Fitness
FT0793,10-06-2026,49,Male,8849,2264,60,7,6.9,79,Gym,66,2.1,42,Flexibility
FT1105,10-06-2026,31,Female,4578,1858,49,2.9,8.4,81,Running,53,2.8,32,Muscle Gain
FT1632,10-06-2026,56,Female,6502,2007,52,6.1,9.3,80,Cycling,54,2.6,29,General Fitness
FT1672,10-06-2026,42,Male,7007,2154,62,5.7,7.8,65,Walking,48,1.8,47,Muscle Gain
FT1750,10-06-2026,48,Female,3944,1775,18,2.2,7.3,64,Yoga,12,2.7,48,General Fitness
FT1769,10-06-2026,20,Male,9670,1928,52,7.7,6.8,73,Walking,51,2.1,60,Flexibility
FT1829,10-06-2026,44,Female,8952,2131,68,6.8,6.3,77,Yoga,58,3.3,56,Endurance
FT1896,10-06-2026,54,Female,11311,2153,36,8.7,7.4,74,Yoga,25,1.9,75,Weight Loss
FT0036,11-06-2026,20,Female,6721,2298,105,5.1,7.6,85,Running,97,2,49,General Fitness
FT0118,11-06-2026,24,Male,7166,1921,70,5.1,6.8,68,Gym,71,2.4,52,General Fitness
FT0490,11-06-2026,44,Female,5522,2258,93,5,4.8,94,Gym,92,3.3,60,Endurance
FT1133,11-06-2026,52,Female,9745,2331,67,7.5,6.4,89,Gym,56,1.4,44,Muscle Gain
FT1442,11-06-2026,40,Female,8420,2159,69,6.6,6.7,67,Walking,78,3.5,55,Weight Loss
FT1775,11-06-2026,51,Female,8589,2205,41,6.5,8,70,Yoga,40,2.6,46,Endurance
FT2121,11-06-2026,51,Female,5119,2617,150,4.7,7.2,86,Running,108,2.6,31,Muscle Gain
FT0083,12-06-2026,24,Female,8597,1977,36,5.6,7.8,75,Yoga,29,2.7,39,General Fitness
FT0231,12-06-2026,37,Male,8695,1870,24,7.3,7.5,72,Walking,20,2.6,46,General Fitness
FT0735,12-06-2026,26,Female,13037,2378,79,9.9,6.2,83,Walking,61,2.9,45,Weight Loss
FT0850,12-06-2026,44,Male,9043,2390,77,5.8,6.6,79,Running,65,2.4,49,General Fitness
FT0910,12-06-2026,21,Male,9207,2365,66,6.5,5.7,80,Walking,52,2.4,45,Muscle Gain
FT1218,12-06-2026,49,Male,9805,2191,38,6.8,6.8,75,Running,29,3.2,38,Weight Loss
FT1559,12-06-2026,60,Female,9607,2147,33,7.7,8.7,59,Walking,32,2.8,41,General Fitness
FT1670,12-06-2026,49,Male,3580,1926,31,2,6,77,Cycling,25,2.2,31,General Fitness
FT1772,12-06-2026,34,Female,8557,2217,43,8,7.8,75,Running,51,1.7,46,General Fitness
FT1905,12-06-2026,32,Female,7368,1983,35,7.3,6.4,65,Walking,40,2.7,68,Flexibility
FT0513,13-06-2026,54,Male,11362,2138,59,9.1,6.8,66,Cycling,62,2.1,61,General Fitness
FT0599,13-06-2026,44,Male,8270,2131,31,6.5,7.1,66,Walking,34,2.3,47,Muscle Gain
FT1059,13-06-2026,36,Female,9414,2362,88,7.9,5.7,82,Running,90,2.3,50,Endurance
FT1193,13-06-2026,25,Male,8641,1988,43,6.7,7.5,78,Yoga,45,2.7,33,Muscle Gain
FT1371,13-06-2026,55,Female,11008,2292,68,8.7,6.4,77,Walking,80,1.6,49,General Fitness
FT1720,13-06-2026,40,Male,10747,2157,28,9.3,8.8,79,Running,26,2.7,63,Muscle Gain
FT1926,13-06-2026,23,Female,9103,2588,100,6.4,7.9,78,Running,81,2.5,41,General Fitness
FT2154,13-06-2026,41,Female,6934,2020,52,3.6,7.4,68,Walking,45,2.7,56,Endurance
FT2173,13-06-2026,60,Male,10744,2191,66,6.4,6.7,73,Yoga,58,2.7,42,Flexibility
FT0560,14-06-2026,54,Female,7387,1888,12,6.4,7.4,61,Walking,22,0.9,63,General Fitness
FT0704,14-06-2026,25,Male,12217,2122,32,9,6.3,71,Walking,28,2.5,63,Flexibility
FT0719,14-06-2026,28,Female,5192,2050,66,4,7.4,83,Walking,79,3.2,56,Muscle Gain
FT1065,14-06-2026,50,Male,9995,2384,81,8.6,7.5,72,Gym,79,2.4,26,Weight Loss
FT1254,14-06-2026,52,Male,9170,2230,61,7.5,6.9,85,Cycling,67,1.6,50,Weight Loss
FT1393,14-06-2026,60,Female,6372,2308,111,3.9,8.4,76,Gym,86,1.9,66,Muscle Gain
FT1641,14-06-2026,49,Female,6874,2501,106,6.9,8,92,Gym,90,3.1,64,Muscle Gain
FT1787,14-06-2026,26,Female,5072,1916,76,4.7,7,84,Gym,56,2,57,Muscle Gain
FT1990,14-06-2026,57,Male,7129,2543,99,5.7,8.5,70,Cycling,88,2,68,Weight Loss
FT2066,14-06-2026,39,Male,5835,1939,13,4.2,6.5,70,Yoga,18,2,58,Weight Loss
FT0277,15-06-2026,38,Male,7793,2226,93,5.3,7.1,78,Gym,78,1.7,45,Muscle Gain
FT0594,15-06-2026,60,Male,6424,2212,74,5,8.6,72,Cycling,62,2.3,49,Weight Loss
FT0891,15-06-2026,22,Female,6538,1915,47,6.2,6.9,68,Walking,43,2.9,58,Endurance
FT1174,15-06-2026,25,Male,7836,2031,96,6.4,7.1,83,Walking,76,2.6,52,Endurance
FT1246,15-06-2026,60,Female,10219,1960,51,8.3,8.1,76,Walking,45,1.6,43,Muscle Gain
FT1456,15-06-2026,20,Male,7261,2067,69,6.5,7.4,82,Cycling,71,1.5,60,General Fitness
FT1686,15-06-2026,40,Male,12141,2273,41,8.1,7.7,75,Running,28,2.5,39,Weight Loss
FT1740,15-06-2026,26,Female,10150,2257,55,8.8,7.7,70,Gym,46,2.4,56,Flexibility
FT1841,15-06-2026,36,Male,7227,1975,33,5.8,5.5,77,Cycling,33,2.3,33,Muscle Gain
FT1912,15-06-2026,56,Male,4621,1947,49,5,7.1,68,Walking,40,1.9,49,General Fitness
FT1950,15-06-2026,31,Female,10774,2428,102,9.1,7.6,85,Gym,75,2.8,51,Muscle Gain
FT1951,15-06-2026,57,Male,10744,2102,87,9.1,5.7,80,Running,73,1.7,72,General Fitness
FT2016,15-06-2026,31,Male,6056,2063,70,5.4,7.2,81,Running,61,1.4,68,Weight Loss
FT2102,15-06-2026,46,Male,10471,2507,85,7.1,7,79,Walking,73,2.3,43,General Fitness
FT0002,16-06-2026,51,Female,9159,2424,58,6.9,7.4,78,Running,60,2.3,42,General Fitness
FT0241,16-06-2026,24,Female,10747,2054,76,8.6,7.3,62,Gym,80,2.5,50,General Fitness
FT0432,16-06-2026,49,Female,6747,2022,62,5.3,7.6,64,Yoga,44,3.2,36,Weight Loss
FT0563,16-06-2026,39,Male,5661,2151,62,4.5,7.4,70,Cycling,76,2.1,61,Weight Loss
FT0864,16-06-2026,51,Female,8641,2160,54,6.2,7.8,77,Running,75,1.9,64,Flexibility
FT1530,16-06-2026,57,Female,5860,1715,24,3.5,8.4,68,Yoga,25,1.5,45,General Fitness
FT1736,16-06-2026,52,Male,9123,2186,33,6.9,8.3,83,Walking,40,1.6,51,Weight Loss
FT0276,17-06-2026,38,Female,5655,1902,37,4.4,8.9,78,Running,30,1.4,64,Endurance
FT0416,17-06-2026,47,Female,6171,2067,76,5.2,8.3,72,Gym,64,3.6,47,Weight Loss
FT0482,17-06-2026,53,Female,5933,2047,75,4.5,8.5,73,Gym,60,2.7,40,Muscle Gain
FT0489,17-06-2026,50,Female,11532,2482,64,8.7,6.9,78,Running,41,1.7,65,General Fitness
FT0749,17-06-2026,31,Female,11104,2350,61,7.2,6.6,69,Running,57,2.4,35,Muscle Gain
FT0755,17-06-2026,41,Male,8731,2480,102,6.2,9.2,79,Gym,71,2.4,41,Weight Loss
FT1044,17-06-2026,34,Male,10757,2146,42,7.9,7.7,67,Walking,45,2.5,64,General Fitness
FT1079,17-06-2026,35,Female,8363,2305,96,5.7,9.3,85,Gym,95,2.8,63,Flexibility
FT1302,17-06-2026,35,Male,11585,2123,41,9.2,8.3,69,Yoga,38,2.7,42,Weight Loss
FT1432,17-06-2026,25,Male,8809,2134,58,7.2,8.1,76,Yoga,64,1.8,53,Muscle Gain
FT1733,17-06-2026,48,Female,7611,2047,54,6.4,8.6,76,Walking,49,2.4,49,Weight Loss
FT1956,17-06-2026,35,Female,5522,1853,68,3,6.1,80,Gym,70,1.6,51,Weight Loss
FT0335,18-06-2026,37,Female,9005,1863,31,6.9,7.1,63,Cycling,35,2.3,36,Weight Loss
FT0713,18-06-2026,49,Male,4518,2109,66,4.6,6.9,65,Yoga,57,1.7,48,Endurance
FT0863,18-06-2026,23,Male,7201,2324,59,5.3,5.5,67,Gym,83,2.1,37,Weight Loss
FT0967,18-06-2026,43,Female,9064,2344,86,6.4,7.2,87,Running,66,2.4,47,Weight Loss
FT0996,18-06-2026,44,Female,7022,2216,63,6.1,6.3,84,Running,41,2.5,50,Weight Loss
FT1022,18-06-2026,21,Female,12120,2335,71,10.2,7.9,73,Cycling,60,2.8,67,General Fitness
FT1153,18-06-2026,36,Female,10409,2412,96,8.5,7,84,Cycling,77,1.9,49,General Fitness
FT1789,18-06-2026,38,Female,7864,2245,23,7,8.8,70,Yoga,29,3.3,47,Weight Loss
FT2035,18-06-2026,60,Male,7777,2353,95,5,8.4,78,Running,80,2.8,50,Endurance
FT2067,18-06-2026,49,Female,11464,2182,77,8.2,7.8,88,Running,71,3.1,69,General Fitness
FT2122,18-06-2026,58,Male,6721,2164,54,4.4,6.7,81,Running,48,2.2,45,Muscle Gain
FT2160,18-06-2026,32,Female,4754,1819,21,3.6,7.3,69,Walking,24,2.6,46,Endurance
FT0153,19-06-2026,57,Female,4939,2021,94,5.8,8.2,87,Walking,80,2.5,50,General Fitness
FT0256,19-06-2026,24,Female,9115,2478,107,5.1,6.2,73,Gym,89,2.2,33,Weight Loss
FT0273,19-06-2026,24,Female,4825,2375,116,4.1,8.1,88,Running,80,2.6,40,Weight Loss
FT0691,19-06-2026,60,Male,8448,2092,47,5.4,8.2,68,Yoga,43,2.9,36,Endurance
FT1087,19-06-2026,52,Male,10898,2453,89,7.5,7.6,83,Running,74,2.1,53,General Fitness
FT1096,19-06-2026,21,Male,14446,2519,50,10.9,5.1,75,Running,52,2,38,Endurance
FT1677,19-06-2026,24,Male,11095,2693,136,8.9,5.5,90,Running,120,1.5,61,General Fitness
FT0064,20-06-2026,59,Female,6863,2427,130,6.4,5.6,82,Cycling,99,2,42,Endurance
FT0331,20-06-2026,41,Male,7943,1810,42,6.2,8.9,68,Walking,38,1.3,67,Endurance
FT0523,20-06-2026,26,Male,7645,1981,56,5.2,8.5,67,Cycling,50,2,72,Endurance
FT0528,20-06-2026,24,Female,9108,2257,65,7.2,8.7,79,Running,85,2.3,53,General Fitness
FT0535,20-06-2026,42,Male,7183,2420,81,6.8,6.9,83,Running,81,1.7,33,Flexibility
FT0829,20-06-2026,55,Female,5954,2087,85,5.1,6.6,72,Gym,89,3.2,62,General Fitness
FT1407,20-06-2026,32,Male,11169,1996,31,8.7,7.4,74,Walking,36,2.7,39,General Fitness
FT1428,20-06-2026,56,Male,6898,1867,26,4.2,6.6,72,Walking,50,1.8,41,General Fitness
FT1768,20-06-2026,38,Male,6102,2052,36,3.6,7.7,74,Running,38,2,39,Flexibility
FT1898,20-06-2026,55,Female,10189,2355,71,8.5,8.6,72,Running,73,2,53,Endurance
FT1999,20-06-2026,30,Female,9173,2074,10,5.8,6.7,56,Walking,10,2.2,53,Endurance
FT2057,20-06-2026,49,Female,10301,2186,90,7.5,5.5,71,Cycling,100,3.1,38,Weight Loss
FT0031,21-06-2026,37,Male,7410,2074,57,5.1,8.3,82,Yoga,40,1.8,52,Weight Loss
FT0339,21-06-2026,26,Male,1800,1794,57,0.9,7.4,72,Gym,61,2,59,General Fitness
FT0903,21-06-2026,27,Male,7650,2069,20,6.3,8.5,77,Walking,15,2.3,71,Weight Loss
FT1289,21-06-2026,22,Male,13233,2342,73,10.3,8.1,68,Cycling,72,2.1,44,Weight Loss
FT1388,21-06-2026,31,Male,10856,2367,67,8.2,6.5,85,Running,56,2.2,62,General Fitness
FT1466,21-06-2026,22,Female,10805,2309,46,9.1,7.4,75,Walking,28,2.9,42,General Fitness
FT1608,21-06-2026,43,Female,11280,1994,13,8.8,6.9,80,Walking,15,3,48,Muscle Gain
FT1718,21-06-2026,34,Male,6803,1987,46,5.1,7.3,78,Running,46,1.2,48,Weight Loss
FT1771,21-06-2026,32,Male,10909,2223,32,7.7,7.8,65,Running,47,1.7,59,General Fitness
FT1879,21-06-2026,49,Male,7104,2000,48,4.5,5.5,72,Cycling,57,3.1,47,Endurance
FT1917,21-06-2026,30,Male,11208,2223,43,8.2,5.9,77,Running,37,2.4,33,General Fitness
FT2097,21-06-2026,58,Male,10657,2650,72,8.1,7.8,79,Running,82,2.4,50,Weight Loss
FT2125,21-06-2026,50,Female,7862,2101,51,5.8,5.8,70,Yoga,59,2.1,52,Weight Loss
FT2200,21-06-2026,25,Female,6728,1941,55,5.4,5.7,82,Walking,39,2.8,58,Weight Loss
FT0136,22-06-2026,31,Female,8459,1917,44,6.2,7.2,67,Cycling,52,3.1,68,Muscle Gain
FT0175,22-06-2026,47,Female,10173,2146,68,7.5,7.3,62,Cycling,75,1,41,Muscle Gain
FT0247,22-06-2026,50,Female,9993,2509,103,7.6,7.5,82,Running,88,3.5,29,Muscle Gain
FT0443,22-06-2026,23,Female,6832,2506,115,5.2,7.2,75,Gym,89,2.4,48,General Fitness
FT0498,22-06-2026,34,Female,8072,2283,88,6.1,5.5,78,Gym,99,3.5,45,Weight Loss
FT0504,22-06-2026,55,Male,6846,1972,43,6,7.6,74,Walking,47,3.6,74,Muscle Gain
FT0555,22-06-2026,60,Male,9981,2281,104,7.9,7.7,72,Cycling,89,2.8,41,General Fitness
FT1025,22-06-2026,53,Female,5239,2100,74,4,6.2,72,Walking,59,2,47,General Fitness
FT1271,22-06-2026,33,Female,6808,2324,67,5.9,7.1,78,Running,76,3.2,30,Muscle Gain
FT1433,22-06-2026,25,Male,8050,2315,106,7,7.9,90,Running,115,2.4,58,Weight Loss
FT1493,22-06-2026,19,Male,8910,2008,56,6.4,6,75,Walking,66,2.1,71,General Fitness
FT1539,22-06-2026,48,Male,6655,2280,81,5.8,5.2,75,Walking,65,1.8,34,Muscle Gain
FT1703,22-06-2026,47,Female,2915,2182,104,2.6,4.2,75,Gym,88,1.7,52,General Fitness
FT1737,22-06-2026,39,Male,8879,1899,44,7.7,5.4,77,Gym,40,3.5,49,Endurance
FT1792,22-06-2026,55,Male,7745,2068,46,5.9,7.9,66,Gym,25,2.2,68,Muscle Gain
FT1888,22-06-2026,35,Male,8253,2372,73,5.9,6,73,Cycling,71,1.7,46,Endurance
FT1937,22-06-2026,34,Male,7312,2135,83,5.4,6.4,74,Walking,70,2.7,36,General Fitness
FT1954,22-06-2026,37,Male,9113,2094,54,7,7.2,64,Gym,64,2.3,40,Weight Loss
FT0340,23-06-2026,58,Male,8904,2297,80,7,6.1,77,Cycling,60,2.3,63,Muscle Gain
FT0428,23-06-2026,52,Female,6913,2126,53,6.7,8.1,66,Walking,55,2.2,47,Flexibility
FT0630,23-06-2026,33,Female,9214,2348,53,6.6,8.7,73,Yoga,50,3,58,Flexibility
FT0674,23-06-2026,22,Male,9741,2141,47,7.1,7,69,Walking,52,3.8,53,General Fitness
FT0825,23-06-2026,44,Female,8564,2368,57,5.9,6.9,77,Yoga,50,2.1,60,Muscle Gain
FT0921,23-06-2026,55,Male,6726,1916,63,4.1,9.9,75,Walking,62,1.3,44,Muscle Gain
FT0962,23-06-2026,35,Female,4299,1879,63,2.9,8.9,78,Gym,68,2.7,60,Muscle Gain
FT1009,23-06-2026,49,Female,5521,2051,44,4.7,6.4,73,Yoga,46,1.6,60,Flexibility
FT1245,23-06-2026,55,Male,8932,2253,32,6.4,9.5,71,Running,35,2.6,40,Flexibility
FT1301,23-06-2026,50,Male,4643,2198,98,3.1,7.4,83,Cycling,74,2.1,54,Flexibility
FT1596,23-06-2026,25,Female,14034,2433,57,11.7,7.5,84,Running,83,1.4,48,Flexibility
FT1645,23-06-2026,23,Female,9125,2230,93,6.9,6.5,79,Cycling,89,1.5,55,Weight Loss
FT1949,23-06-2026,18,Male,5531,2041,33,4.3,5.8,68,Walking,41,1.6,47,Muscle Gain
FT1981,23-06-2026,46,Female,7520,2031,35,5.9,5.5,67,Yoga,31,3,36,Endurance
FT0020,24-06-2026,37,Male,5600,2299,88,4.6,6.8,70,Running,62,4.2,54,Muscle Gain
FT0166,24-06-2026,53,Male,8886,2135,57,6.7,8.1,76,Gym,65,1.7,27,General Fitness
FT0402,24-06-2026,51,Male,13231,2469,81,10.2,6.7,78,Walking,80,2.7,64,General Fitness
FT0433,24-06-2026,53,Male,7308,1991,21,7.2,8.2,75,Cycling,26,2.6,41,Weight Loss
FT0878,24-06-2026,50,Male,6838,2058,102,4.8,6.2,88,Yoga,61,2,48,Weight Loss
FT1041,24-06-2026,48,Male,7239,2041,50,6.5,6.9,80,Walking,41,2.2,60,Endurance
FT1073,24-06-2026,50,Female,11715,1947,55,9.2,7,75,Cycling,56,2.2,46,Weight Loss
FT1080,24-06-2026,53,Male,7224,1934,60,6.5,8.3,73,Walking,49,2.2,32,General Fitness
FT1089,24-06-2026,45,Female,9737,2157,87,7.5,6.9,75,Gym,72,2.5,35,Weight Loss
FT1199,24-06-2026,52,Female,10329,2688,105,7.7,7.9,84,Gym,85,2.9,41,Weight Loss
FT1213,24-06-2026,37,Female,6932,2328,106,6.7,8.7,69,Gym,75,1.6,57,Weight Loss
FT1360,24-06-2026,33,Male,7205,2174,17,6.6,7.5,64,Walking,28,3,58,General Fitness
FT1513,24-06-2026,49,Female,8441,2320,97,6.2,7.3,87,Cycling,70,1.9,29,Weight Loss
FT1691,24-06-2026,51,Male,7368,1552,10,7,8.9,60,Walking,20,2.2,52,Endurance
FT2032,24-06-2026,25,Male,13589,2706,104,11.3,7.1,74,Gym,85,3.7,48,Endurance
FT0055,25-06-2026,39,Male,9208,2143,31,6.7,7.9,76,Running,26,2.1,43,Weight Loss
FT0341,25-06-2026,45,Female,13298,2264,15,9.1,5.8,69,Walking,14,2.3,33,Endurance
FT0376,25-06-2026,22,Female,6154,1918,57,4.1,7.2,82,Gym,58,3.1,43,Muscle Gain
FT0461,25-06-2026,49,Male,5696,2018,44,4.6,8.9,63,Yoga,44,2.9,52,General Fitness
FT0848,25-06-2026,20,Male,10819,2115,61,8,6.8,85,Gym,72,2.7,50,General Fitness
FT1076,25-06-2026,25,Male,6948,1979,46,5.6,6.7,70,Walking,39,1.7,67,Endurance
FT1148,25-06-2026,51,Male,11237,2230,35,8.4,7.1,64,Running,30,1.6,55,General Fitness
FT1333,25-06-2026,36,Male,8998,2260,65,7.8,6.7,74,Running,64,3.2,58,General Fitness
FT1584,25-06-2026,35,Male,8291,2397,73,6.8,7.5,93,Running,62,2.3,38,Weight Loss
FT1742,25-06-2026,49,Female,4762,1855,83,4,6.8,77,Walking,63,3.3,56,Weight Loss
FT1764,25-06-2026,43,Female,6281,1953,62,5,5.3,75,Walking,50,1.5,58,Endurance
FT1819,25-06-2026,23,Female,5649,2407,122,4.6,8.1,78,Walking,102,2.6,61,Muscle Gain
FT1856,25-06-2026,54,Female,5932,1984,33,5.2,5.6,73,Walking,25,1.9,52,General Fitness
FT2009,25-06-2026,51,Female,6235,1677,38,4.7,7,73,Walking,26,2.5,46,Flexibility
FT2088,25-06-2026,46,Male,8637,1920,42,6.3,6.8,75,Walking,47,2.8,69,Endurance
FT2172,25-06-2026,50,Male,4974,1535,10,3.5,7.9,69,Walking,10,2,42,Weight Loss
FT0042,26-06-2026,50,Male,10558,1966,35,8.3,6.5,70,Gym,35,1.2,70,Flexibility
FT0049,26-06-2026,47,Female,5181,1944,75,5,6.5,76,Gym,61,2.1,38,Muscle Gain
FT0104,26-06-2026,18,Male,5549,1968,55,6,6.2,75,Yoga,36,2.1,71,Weight Loss
FT0338,26-06-2026,31,Female,9721,2285,77,7.6,8.8,82,Walking,60,3.1,38,Flexibility
FT0350,26-06-2026,25,Female,7735,2242,71,6.9,6.7,76,Gym,49,3.1,49,Flexibility
FT0509,26-06-2026,29,Female,6639,1892,12,6.3,7.4,63,Yoga,20,2.6,46,General Fitness
FT0556,26-06-2026,39,Female,9142,2331,81,7.1,7,77,Walking,65,3,38,Endurance
FT0615,26-06-2026,47,Female,7989,2310,47,7.7,7.2,70,Running,39,2.2,54,General Fitness
FT1144,26-06-2026,54,Female,4991,1855,23,3.7,7.2,69,Yoga,28,3,61,General Fitness
FT1164,26-06-2026,40,Female,4940,1754,59,3.6,7.1,75,Yoga,56,1.8,69,Weight Loss
FT1338,26-06-2026,30,Male,10200,2431,81,6.9,8.6,81,Gym,82,1.5,31,Weight Loss
FT2062,26-06-2026,42,Male,5841,1901,52,5.5,7.7,72,Walking,59,2.2,44,Muscle Gain
FT2164,26-06-2026,57,Female,14245,2854,159,10.5,7.4,76,Gym,120,1.8,65,Endurance
FT0196,27-06-2026,21,Female,7439,2020,86,6.7,6.5,81,Gym,71,2.8,52,General Fitness
FT0325,27-06-2026,59,Female,7266,2208,78,5,5.4,79,Cycling,79,2.4,53,Endurance
FT0405,27-06-2026,39,Male,8258,2081,45,7.2,7.6,72,Walking,36,2.2,34,Weight Loss
FT0565,27-06-2026,56,Male,9005,2065,62,6.6,8.3,79,Yoga,54,2.1,52,Endurance
FT0784,27-06-2026,23,Male,5512,2075,28,3.9,8.2,71,Running,16,2.4,60,General Fitness
FT0876,27-06-2026,39,Female,11909,2304,33,8.3,7.4,63,Cycling,36,3.3,79,Muscle Gain
FT0941,27-06-2026,47,Female,8856,1969,54,6.2,8.5,66,Gym,54,1.9,33,Endurance
FT1145,27-06-2026,32,Female,6046,2013,84,4.6,7.9,70,Walking,76,2.6,48,Flexibility
FT1335,27-06-2026,40,Male,7378,1983,31,6,7.2,65,Cycling,23,1.6,44,Weight Loss
FT1416,27-06-2026,51,Male,4845,1715,23,3.1,7.2,66,Walking,28,2.7,48,General Fitness
FT1612,27-06-2026,24,Female,6716,2118,63,4.5,6,81,Running,45,1.2,73,General Fitness
FT1842,27-06-2026,22,Female,6100,2327,125,4.8,7.6,81,Cycling,104,1.7,58,Weight Loss
FT2163,27-06-2026,35,Female,8851,1922,20,5.8,6.4,63,Walking,18,2.6,56,Muscle Gain
FT0320,28-06-2026,51,Male,6835,1922,47,6,6.8,77,Yoga,32,2.4,55,General Fitness
FT0774,28-06-2026,48,Male,6819,2043,18,6.3,7.1,70,Walking,16,2.3,48,Muscle Gain
FT0800,28-06-2026,37,Female,6742,1822,29,5,6.2,72,Yoga,43,1.3,54,General Fitness
FT0814,28-06-2026,30,Male,8581,1865,69,6.5,7.1,80,Cycling,67,2.6,37,Muscle Gain
FT0886,28-06-2026,49,Male,5360,2074,49,4.5,6.8,80,Gym,44,2.7,52,Weight Loss
FT1086,28-06-2026,54,Female,6612,2171,62,5.1,5.7,75,Yoga,53,3,41,General Fitness
FT1683,28-06-2026,19,Male,5208,1902,32,3.3,6.9,81,Running,35,1.9,65,Muscle Gain
FT1963,28-06-2026,24,Female,10706,2340,98,8.8,7.4,78,Walking,80,1.6,37,Flexibility
FT2161,28-06-2026,52,Female,10960,2150,64,8.2,7.7,70,Gym,67,1.9,69,Flexibility
FT0167,29-06-2026,31,Female,5554,1825,71,3.4,8.3,81,Cycling,74,2.5,39,Weight Loss
FT0511,29-06-2026,60,Female,7974,2131,58,6.4,8.1,73,Cycling,39,2.1,55,General Fitness
FT0567,29-06-2026,27,Male,9383,2463,97,8,7.6,69,Cycling,93,3,50,Endurance
FT0622,29-06-2026,38,Female,5671,2295,81,3.5,8.6,83,Gym,88,2.4,64,Flexibility
FT0871,29-06-2026,37,Female,9976,2340,64,8.1,6.6,71,Yoga,45,1.9,39,Weight Loss
FT1158,29-06-2026,54,Male,7490,2024,93,5.6,8.3,68,Cycling,76,1.5,47,General Fitness
FT1261,29-06-2026,29,Male,4594,2033,55,3.8,7.8,86,Yoga,69,2.1,20,General Fitness
FT1412,29-06-2026,42,Female,7132,1858,80,4.2,6.6,73,Walking,55,1.6,62,General Fitness
FT1573,29-06-2026,49,Female,10219,2306,77,7.9,7.5,77,Gym,78,2,62,Weight Loss
FT1643,29-06-2026,37,Female,6711,2402,119,4.5,5.8,83,Cycling,105,3,53,General Fitness
FT1678,29-06-2026,36,Female,8990,2453,91,6.4,7.4,78,Walking,72,3.1,40,Muscle Gain
